hour,flows,alerts,robust_z,burst
2021-06-06 09:00:00-04:00,3,12,-3.03525,False
2021-06-06 10:00:00-04:00,147,37,1.180375,False
2021-06-06 11:00:00-04:00,151,34,0.6745,False
2021-06-06 12:00:00-04:00,165,29,-0.168625,False
2021-06-06 13:00:00-04:00,162,41,1.854875,False
2021-06-06 14:00:00-04:00,141,33,0.505875,False
2021-06-06 15:00:00-04:00,146,30,0.0,False
2021-06-06 16:00:00-04:00,136,29,-0.168625,False
2021-06-06 17:00:00-04:00,128,26,-0.6745,False
2021-06-06 18:00:00-04:00,135,20,-1.68625,False
2021-06-06 19:00:00-04:00,163,31,0.168625,False
2021-06-06 20:00:00-04:00,164,24,-1.01175,False
2021-06-06 21:00:00-04:00,158,28,-0.33725,False
2021-06-06 22:00:00-04:00,156,22,-1.349,False
2021-06-06 23:00:00-04:00,156,37,1.180375,False
2021-06-07 00:00:00-04:00,149,26,-0.6745,False
2021-06-07 01:00:00-04:00,148,30,0.0,False
2021-06-07 02:00:00-04:00,160,28,-0.33725,False
2021-06-07 03:00:00-04:00,154,36,1.01175,False
2021-06-07 04:00:00-04:00,125,44,2.36075,False
2021-06-07 05:00:00-04:00,126,34,0.6745,False
2021-06-07 06:00:00-04:00,120,30,0.0,False
2021-06-07 07:00:00-04:00,139,26,-0.6745,False
2021-06-07 08:00:00-04:00,144,20,-1.68625,False
2021-06-07 09:00:00-04:00,136,38,1.349,False
