node,rack,midplane,node_card,lines,alerts,alert_types
R02-M1-N0-C:J12-U11,R02,M1,N0,30,0.0,
R23-M0-NE-C:J05-U01,R23,M0,NE,1,0.0,
R21-M1-N6-C:J08-U11,R21,M1,N6,1,0.0,
R16-M1-N2-C:J17-U01,R16,M1,N2,9,0.0,
R27-M1-N4-I:J18-U01,R27,M1,N4,2,1.0,APPREAD
R30-M0-N7-C:J08-U01,R30,M0,N7,1,0.0,
R25-M0-N7-C:J02-U01,R25,M0,N7,1,0.0,
R24-M1-NB-C:J15-U11,R24,M1,NB,1,0.0,
R24-M0-NE-C:J14-U11,R24,M0,NE,1,0.0,
R21-M1-N2-C:J11-U01,R21,M1,N2,1,0.0,
R31-M0-NE-C:J05-U11,R31,M0,NE,1,0.0,
R36-M0-NA-C:J06-U01,R36,M0,NA,1,0.0,
R33-M0-N4-C:J02-U11,R33,M0,N4,1,0.0,
R26-M1-N8-C:J17-U11,R26,M1,N8,1,0.0,
R33-M1-NB-C:J06-U01,R33,M1,NB,1,0.0,
R01-M1-N7-C:J04-U11,R01,M1,N7,1,0.0,
R35-M1-NE-C:J05-U01,R35,M1,NE,1,0.0,
R36-M1-NF-C:J11-U01,R36,M1,NF,1,0.0,
R37-M1-NE-C:J13-U01,R37,M1,NE,1,0.0,
R32-M1-N4-C:J16-U01,R32,M1,N4,1,0.0,
R30-M1-N3-C:J02-U01,R30,M1,N3,1,0.0,
R34-M1-NA-C:J07-U11,R34,M1,NA,1,0.0,
R33-M1-N8-C:J09-U11,R33,M1,N8,1,0.0,
R36-M0-NA-C:J17-U01,R36,M0,NA,1,0.0,
R35-M0-N5-C:J17-U11,R35,M0,N5,1,0.0,
R32-M0-N2-C:J15-U01,R32,M0,N2,1,0.0,
R36-M1-ND-C:J13-U01,R36,M1,ND,1,0.0,
R32-M0-N9-C:J17-U01,R32,M0,N9,1,0.0,
R30-M0-N0-C:J17-U01,R30,M0,N0,1,0.0,
R01-M1-NB-C:J03-U11,R01,M1,NB,2,0.0,
R01-M1-ND-C:J15-U11,R01,M1,ND,2,0.0,
R22-M0-N0-C:J08-U11,R22,M0,N0,1,0.0,
R24-M1-N9-C:J15-U01,R24,M1,N9,1,0.0,
R20-M0-N2-C:J09-U01,R20,M0,N2,1,0.0,
R21-M0-NB-C:J06-U01,R21,M0,NB,1,0.0,
R24-M0-NA-C:J15-U11,R24,M0,NA,1,0.0,
R20-M1-N5-C:J06-U01,R20,M1,N5,1,0.0,
R35-M0-N7-C:J10-U11,R35,M0,N7,1,0.0,
R35-M1-NE-C:J09-U01,R35,M1,NE,2,0.0,
R36-M1-N8-C:J17-U11,R36,M1,N8,1,0.0,
R35-M0-N5-C:J10-U11,R35,M0,N5,1,0.0,
R34-M0-N7-C:J09-U11,R34,M0,N7,1,0.0,
R16-M1-NC-C:J06-U11,R16,M1,NC,1,0.0,
R21-M1-NA-C:J07-U11,R21,M1,NA,1,0.0,
R07-M1-NE-C:J06-U01,R07,M1,NE,1,0.0,
R23-M1-NA-C:J17-U11,R23,M1,NA,1,0.0,
R11-M0-N7-C:J16-U11,R11,M0,N7,1,0.0,
R30-M0-N9-C:J16-U01,R30,M0,N9,60,60.0,KERNDTLB
R22-M0-NC-I:J18-U01,R22,M0,NC,1,0.0,
R16-M0-NB-C:J07-U11,R16,M0,NB,1,1.0,KERNSTOR
R15-M0-N9-C:J05-U11,R15,M0,N9,1,1.0,KERNSTOR
R01-M1-NA-C:J09-U01,R01,M1,NA,1,1.0,KERNSTOR
R05-M0-N7-C:J10-U11,R05,M0,N7,1,1.0,KERNSTOR
R04-M1-N1-C:J11-U11,R04,M1,N1,1,0.0,
R01-M0-NE-C:J17-U11,R01,M0,NE,1,0.0,
R16-M0-N8-C:J02-U11,R16,M0,N8,1,0.0,
R02-M0-N8-C:J08-U11,R02,M0,N8,1,0.0,
R33-M0-NF-C:J07-U11,R33,M0,NF,1,0.0,
R36-M0-N0-C:J04-U11,R36,M0,N0,1,0.0,
R37-M1-NF-C:J11-U11,R37,M1,NF,1,0.0,
R12-M0-N2-C:J11-U01,R12,M0,N2,1,1.0,KERNSTOR
R14-M0-N2-C:J02-U01,R14,M0,N2,1,1.0,KERNSTOR
R04-M0-ND-C:J15-U01,R04,M0,ND,1,1.0,KERNSTOR
R06-M0-N7-C:J08-U01,R06,M0,N7,1,1.0,KERNSTOR
R06-M0-N0-C:J11-U11,R06,M0,N0,1,1.0,KERNSTOR
R16-M1-N9-C:J16-U11,R16,M1,N9,1,0.0,
R11-M0-N7-C:J10-U01,R11,M0,N7,1,0.0,
R00-M0-N0-C:J13-U11,R00,M0,N0,1,0.0,
R02-M1-NC-C:J08-U11,R02,M1,NC,1,0.0,
R07-M0-NC-C:J10-U01,R07,M0,NC,1,0.0,
R24-M1-N0-C:J16-U01,R24,M1,N0,1,1.0,KERNSTOR
R24-M1-N3-C:J16-U01,R24,M1,N3,2,0.0,
R20-M1-N3-C:J14-U01,R20,M1,N3,1,0.0,
R25-M1-N9-C:J06-U11,R25,M1,N9,1,0.0,
R20-M0-N2-C:J13-U11,R20,M0,N2,1,0.0,
R21-M1-NB-C:J12-U01,R21,M1,NB,1,0.0,
R05-M1-NB-C:J07-U11,R05,M1,NB,1,1.0,KERNSTOR
R16-M0-N4-C:J02-U11,R16,M0,N4,1,1.0,KERNSTOR
R03-M1-N8-C:J13-U11,R03,M1,N8,1,1.0,KERNSTOR
R25-M0-NF-C:J05-U01,R25,M0,NF,1,0.0,
R25-M0-ND-C:J04-U01,R25,M0,ND,1,0.0,
R24-M1-N6-C:J11-U01,R24,M1,N6,1,0.0,
R25-M1-NF-C:J16-U01,R25,M1,NF,1,1.0,KERNSTOR
R26-M0-N9-C:J12-U01,R26,M0,N9,1,0.0,
R27-M1-NA-C:J16-U11,R27,M1,NA,1,0.0,
R26-M0-N4-C:J16-U01,R26,M0,N4,1,0.0,
R26-M0-N0-C:J04-U11,R26,M0,N0,1,0.0,
R26-M0-N0-C:J02-U01,R26,M0,N0,1,0.0,
R20-M1-N8-C:J08-U11,R20,M1,N8,1,0.0,
R26-M0-NA-C:J04-U11,R26,M0,NA,1,0.0,
R20-M0-ND-C:J05-U01,R20,M0,ND,1,0.0,
R25-M1-N6-C:J15-U11,R25,M1,N6,1,0.0,
R25-M1-N3-C:J14-U11,R25,M1,N3,1,0.0,
R27-M0-N3-C:J15-U01,R27,M0,N3,1,0.0,
R24-M1-NE-C:J15-U11,R24,M1,NE,1,0.0,
R24-M0-N5-C:J05-U01,R24,M0,N5,1,0.0,
R26-M0-N4-C:J15-U11,R26,M0,N4,1,0.0,
R21-M1-N4-C:J17-U11,R21,M1,N4,1,0.0,
R25-M0-N8-C:J16-U11,R25,M0,N8,1,0.0,
R26-M1-NF-C:J11-U11,R26,M1,NF,1,0.0,
R27-M0-N2-C:J12-U11,R27,M0,N2,1,0.0,
R27-M1-NF-C:J03-U11,R27,M1,NF,1,0.0,
R24-M0-NF-C:J09-U01,R24,M0,NF,1,0.0,
R27-M1-ND-C:J09-U01,R27,M1,ND,1,0.0,
R20-M1-N8-C:J15-U11,R20,M1,N8,1,0.0,
R27-M1-N9-C:J03-U01,R27,M1,N9,1,0.0,
R26-M1-NA-C:J06-U01,R26,M1,NA,1,0.0,
R25-M1-N0-C:J07-U11,R25,M1,N0,1,0.0,
R26-M1-ND-C:J05-U11,R26,M1,ND,1,0.0,
R26-M0-N8-C:J03-U01,R26,M0,N8,1,0.0,
R20-M1-NB-C:J11-U11,R20,M1,NB,1,0.0,
R24-M1-N5-C:J09-U01,R24,M1,N5,1,0.0,
R27-M1-N4-C:J05-U11,R27,M1,N4,1,0.0,
R24-M0-ND-C:J02-U11,R24,M0,ND,1,0.0,
R27-M0-N1-C:J15-U01,R27,M0,N1,1,0.0,
R27-M0-N1-C:J08-U11,R27,M0,N1,1,0.0,
R24-M0-NC-C:J12-U11,R24,M0,NC,1,0.0,
R21-M1-NA-C:J07-U01,R21,M1,NA,1,0.0,
R27-M0-N9-C:J12-U01,R27,M0,N9,1,0.0,
R27-M1-N3-C:J04-U11,R27,M1,N3,1,0.0,
R20-M1-NF-C:J14-U11,R20,M1,NF,1,0.0,
R25-M0-N2-C:J04-U11,R25,M0,N2,1,0.0,
R25-M1-N7-C:J09-U11,R25,M1,N7,1,0.0,
R21-M0-N9-C:J08-U01,R21,M0,N9,1,0.0,
R24-M1-N0-C:J04-U11,R24,M1,N0,1,0.0,
R24-M0-NF-C:J08-U01,R24,M0,NF,1,0.0,
R21-M0-ND-C:J17-U11,R21,M0,ND,1,0.0,
R21-M0-N7-C:J02-U11,R21,M0,N7,1,0.0,
R20-M1-NA-C:J04-U01,R20,M1,NA,1,0.0,
R24-M0-NA-C:J14-U01,R24,M0,NA,1,0.0,
R25-M1-N8-C:J03-U11,R25,M1,N8,1,0.0,
R22-M0-N7-C:J08-U11,R22,M0,N7,1,0.0,
R23-M0-ND-C:J13-U01,R23,M0,ND,1,0.0,
R21-M1-N1-C:J07-U11,R21,M1,N1,1,0.0,
R25-M1-N1-C:J15-U11,R25,M1,N1,1,0.0,
R34-M1-N9-C:J07-U11,R34,M1,N9,1,0.0,
R02-M1-N1-C:J12-U01,R02,M1,N1,1,0.0,
R34-M0-NF-C:J03-U01,R34,M0,NF,1,0.0,
R04-M1-N8-C:J09-U11,R04,M1,N8,1,0.0,
R21-M1-N4-C:J12-U11,R21,M1,N4,1,0.0,
R23-M1-N4-C:J08-U01,R23,M1,N4,1,0.0,
R32-M1-N8-I:J18-U01,R32,M1,N8,1,1.0,APPREAD
R12-M1-NB-C:J15-U01,R12,M1,NB,1,0.0,
R04-M0-N9-C:J07-U01,R04,M0,N9,1,0.0,
R01-M1-N4-C:J07-U01,R01,M1,N4,1,0.0,
R16-M1-N6-C:J08-U01,R16,M1,N6,1,0.0,
R17-M1-ND-C:J12-U11,R17,M1,ND,1,0.0,
R11-M0-ND-C:J11-U11,R11,M0,ND,1,0.0,
R13-M1-N8-C:J05-U11,R13,M1,N8,1,0.0,
R10-M0-N8-C:J03-U11,R10,M0,N8,1,0.0,
R20-M0-N9-C:J11-U11,R20,M0,N9,1,0.0,
R20-M1-N2-C:J17-U01,R20,M1,N2,2,0.0,
R24-M1-NB-C:J11-U01,R24,M1,NB,1,0.0,
R21-M1-N6-C:J02-U01,R21,M1,N6,1,0.0,
R20-M1-N8-C:J04-U11,R20,M1,N8,1,0.0,
R22-M0-N4-I:J18-U11,R22,M0,N4,1,0.0,
R20-M0-N3-C:J14-U01,R20,M0,N3,1,0.0,
R20-M0-N6-C:J03-U01,R20,M0,N6,1,0.0,
R21-M1-N1-C:J08-U11,R21,M1,N1,1,0.0,
R22-M1-NA-C:J04-U11,R22,M1,NA,1,0.0,
R03-M0-NB-C:J10-U11,R03,M0,NB,1,0.0,
R36-M0-N5-C:J03-U01,R36,M0,N5,2,0.0,
R22-M0-NF-C:J02-U01,R22,M0,NF,1,0.0,
R31-M1-ND-C:J05-U01,R31,M1,ND,1,0.0,
R32-M0-N4-C:J02-U01,R32,M0,N4,1,0.0,
R30-M1-N7-C:J12-U01,R30,M1,N7,1,0.0,
R26-M0-N6-C:J13-U11,R26,M0,N6,1,0.0,
R34-M0-N2-C:J12-U01,R34,M0,N2,1,0.0,
R31-M1-NE-C:J06-U11,R31,M1,NE,1,0.0,
R21-M1-N7-C:J10-U01,R21,M1,N7,1,0.0,
R23-M0-N9-C:J05-U01,R23,M0,N9,1,0.0,
R24-M1-N9-C:J06-U11,R24,M1,N9,1,0.0,
R15-M1-NB-C:J12-U11,R15,M1,NB,1,0.0,
R15-M1-NF-C:J07-U11,R15,M1,NF,1,0.0,
R17-M1-N9-C:J16-U01,R17,M1,N9,1,0.0,
R00-M0-N1-C:J09-U11,R00,M0,N1,1,0.0,
R21-M1-N5-C:J08-U01,R21,M1,N5,1,0.0,
R33-M1-N2-C:J10-U01,R33,M1,N2,1,0.0,
R20-M0-N7-C:J15-U11,R20,M0,N7,1,0.0,
R27-M1-N9-C:J17-U11,R27,M1,N9,1,0.0,
R24-M0-N7-C:J10-U01,R24,M0,N7,1,0.0,
R27-M1-NF-C:J10-U11,R27,M1,NF,1,0.0,
R01-M1-NB-C:J14-U01,R01,M1,NB,1,0.0,
R01-M1-N0-C:J04-U11,R01,M1,N0,1,0.0,
R35-M0-NB-C:J16-U01,R35,M0,NB,1,0.0,
R01-M0-N2-C:J08-U01,R01,M0,N2,1,0.0,
R00-M0-NB-C:J09-U01,R00,M0,NB,1,0.0,
R00-M1-N3-C:J11-U01,R00,M1,N3,1,0.0,
R36-M0-N9-C:J12-U01,R36,M0,N9,1,0.0,
R02-M1-N4-C:J12-U01,R02,M1,N4,1,0.0,
R05-M0-N3-C:J11-U11,R05,M0,N3,1,0.0,
R05-M0-N7-C:J13-U01,R05,M0,N7,1,0.0,
R05-M0-N6-C:J06-U11,R05,M0,N6,1,0.0,
R00-M0-N4-C:J02-U01,R00,M0,N4,1,0.0,
R02-M0-N9-C:J06-U01,R02,M0,N9,1,0.0,
R33-M1-N3-C:J16-U11,R33,M1,N3,1,0.0,
R05-M1-N3-C:J03-U11,R05,M1,N3,1,0.0,
R04-M0-N9-C:J15-U11,R04,M0,N9,1,0.0,
R23-M1-NC-C:J05-U11,R23,M1,NC,1,0.0,
R12-M0-N0-C:J13-U01,R12,M0,N0,1,0.0,
R16-M0-N0-C:J13-U01,R16,M0,N0,1,0.0,
R36-M1-N1-C:J05-U01,R36,M1,N1,1,0.0,
R10-M0-N9-C:J05-U01,R10,M0,N9,1,0.0,
R26-M1-ND-C:J08-U01,R26,M1,ND,1,0.0,
R22-M1-N3-C:J14-U01,R22,M1,N3,1,0.0,
R16-M0-NE-C:J14-U11,R16,M0,NE,1,0.0,
R00-M0-ND-C:J17-U01,R00,M0,ND,1,0.0,
R06-M0-NE-C:J11-U01,R06,M0,NE,1,0.0,
R04-M0-NF-C:J12-U01,R04,M0,NF,1,0.0,
R25-M0-NC-C:J04-U11,R25,M0,NC,1,0.0,
R00-M1-NA-C:J13-U11,R00,M1,NA,1,0.0,
R14-M0-N1-C:J12-U01,R14,M0,N1,1,0.0,
R11-M0-N0-C:J02-U11,R11,M0,N0,1,0.0,
R05-M0-N3-C:J12-U11,R05,M0,N3,1,0.0,
R01-M1-ND-C:J03-U01,R01,M1,ND,1,0.0,
R36-M0-N7-C:J11-U01,R36,M0,N7,1,0.0,
R26-M0-N5-C:J07-U11,R26,M0,N5,1,0.0,
R23-M1-NE-C:J13-U01,R23,M1,NE,1,0.0,
R23-M1-NC-C:J14-U01,R23,M1,NC,1,0.0,
R10-M1-ND-C:J17-U11,R10,M1,ND,2,0.0,
R15-M1-N9-C:J07-U11,R15,M1,N9,1,0.0,
R15-M1-NF-C:J16-U11,R15,M1,NF,1,0.0,
R14-M1-NE-C:J14-U11,R14,M1,NE,1,0.0,
R37-M1-N4,R37,M1,N4,1,0.0,
R37-M0-NE-C:J10-U01,R37,M0,NE,1,0.0,
R25-M0-N7-C:J11-U01,R25,M0,N7,1,0.0,
R25-M1-N2-C:J08-U01,R25,M1,N2,1,0.0,
R27-M1-N8-C:J17-U01,R27,M1,N8,1,0.0,
R23-M0-N1-C:J02-U11,R23,M0,N1,1,0.0,
R24-M1-NB-C:J14-U11,R24,M1,NB,1,0.0,
R32-M1-NB-C:J04-U11,R32,M1,NB,1,0.0,
R36-M0-N4-C:J15-U01,R36,M0,N4,1,0.0,
R24-M1-NC-C:J07-U11,R24,M1,NC,1,0.0,
R31-M1-N2-C:J14-U01,R31,M1,N2,1,0.0,
R24-M1-NB-C:J06-U01,R24,M1,NB,1,0.0,
R24-M1-NA-C:J14-U01,R24,M1,NA,1,0.0,
R30-M1-N9-C:J08-U11,R30,M1,N9,1,0.0,
R33-M0-N8-C:J10-U11,R33,M0,N8,1,0.0,
R05-M1-NE-C:J12-U01,R05,M1,NE,1,0.0,
R36-M0-N6-C:J06-U01,R36,M0,N6,1,0.0,
R20-M1-N1-C:J15-U11,R20,M1,N1,1,0.0,
R37-M1-N3-C:J13-U11,R37,M1,N3,1,0.0,
R23-M1-N7-C:J08-U11,R23,M1,N7,1,0.0,
R23-M0-N5-C:J10-U01,R23,M0,N5,1,0.0,
R24-M1-N8-C:J16-U01,R24,M1,N8,1,0.0,
R37-M0-N1-C:J05-U11,R37,M0,N1,1,0.0,
R21-M1-ND-C:J14-U01,R21,M1,ND,1,0.0,
R27-M1-N3-C:J13-U11,R27,M1,N3,1,0.0,
R21-M1-NB-C:J15-U01,R21,M1,NB,1,0.0,
R31-M0-N9-C:J04-U11,R31,M0,N9,1,0.0,
R23-M1-NA-C:J06-U01,R23,M1,NA,1,0.0,
R12-M0-N1-C:J04-U11,R12,M0,N1,1,0.0,
R26-M1-NA-C:J17-U01,R26,M1,NA,1,0.0,
R34-M0-N7-C:J09-U01,R34,M0,N7,1,0.0,
R25-M0-NE-C:J11-U01,R25,M0,NE,1,0.0,
R34-M1-N4-C:J09-U11,R34,M1,N4,1,0.0,
R02-M1-N8-C:J17-U01,R02,M1,N8,1,0.0,
R32-M0-N4-I:J18-U01,R32,M0,N4,1,0.0,
R07-M0-N6-C:J03-U01,R07,M0,N6,1,0.0,
R07-M0-N0-C:J06-U01,R07,M0,N0,1,0.0,
R06-M0-N1-C:J16-U11,R06,M0,N1,1,0.0,
R00-M0-N4-C:J04-U11,R00,M0,N4,1,0.0,
R05-M0-N8-C:J06-U11,R05,M0,N8,1,0.0,
R26-M0-N5-C:J12-U01,R26,M0,N5,1,0.0,
R20-M0-N5-C:J16-U01,R20,M0,N5,1,0.0,
R12-M1-NF-C:J13-U01,R12,M1,NF,1,0.0,
R14-M1-NC-C:J15-U11,R14,M1,NC,1,0.0,
R34-M0-N3-C:J17-U11,R34,M0,N3,1,0.0,
R30-M0-N6-C:J12-U01,R30,M0,N6,1,0.0,
R12-M1-NE-C:J02-U01,R12,M1,NE,1,0.0,
R20-M0-N8-I:J18-U01,R20,M0,N8,1,0.0,
R16-M1-NC-I:J18-U11,R16,M1,NC,2,1.0,APPTO
R17-M1-ND-C:J07-U01,R17,M1,ND,1,0.0,
R27-M1-N9-C:J06-U01,R27,M1,N9,1,0.0,
R21-M0-NB-C:J05-U11,R21,M0,NB,1,0.0,
R14-M1-ND-C:J03-U11,R14,M1,ND,1,0.0,
R14-M0-N9-C:J16-U11,R14,M0,N9,1,0.0,
R37-M1-N7-C:J11-U01,R37,M1,N7,1,0.0,
R26-M1-N9-C:J08-U01,R26,M1,N9,1,0.0,
R31-M0-N9-C:J08-U01,R31,M0,N9,1,0.0,
R31-M1-NE-C:J11-U01,R31,M1,NE,1,0.0,
R03-M1-ND-C:J17-U11,R03,M1,ND,1,0.0,
R01-M1-N9-C:J14-U01,R01,M1,N9,1,0.0,
R37-M0-NE-C:J13-U01,R37,M0,NE,1,0.0,
R26-M1-N5-C:J02-U11,R26,M1,N5,1,0.0,
R27-M0-N4-C:J16-U11,R27,M0,N4,1,0.0,
R26-M0-N3-C:J13-U11,R26,M0,N3,1,0.0,
R24-M1-N5-C:J14-U01,R24,M1,N5,1,0.0,
R21-M1-NF-C:J17-U11,R21,M1,NF,1,0.0,
R36-M1-NE-C:J08-U01,R36,M1,NE,1,0.0,
R12-M0-N3-C:J02-U01,R12,M0,N3,1,0.0,
R11-M0-NE-C:J11-U11,R11,M0,NE,1,0.0,
R16-M1-ND-C:J13-U01,R16,M1,ND,1,0.0,
R01-M1-NF-C:J15-U01,R01,M1,NF,1,0.0,
R07-M1-ND-C:J17-U11,R07,M1,ND,1,0.0,
R06-M1-ND-C:J04-U01,R06,M1,ND,1,0.0,
R02-M1-NE-C:J08-U11,R02,M1,NE,1,0.0,
R05-M0-N6-C:J09-U01,R05,M0,N6,1,0.0,
R21-M1-N0-C:J13-U11,R21,M1,N0,1,0.0,
R20-M1-N4-C:J17-U11,R20,M1,N4,1,0.0,
R25-M1-N8-C:J16-U11,R25,M1,N8,1,0.0,
R00-M0-N8-C:J10-U11,R00,M0,N8,1,0.0,
R22-M0-N5-C:J07-U11,R22,M0,N5,1,0.0,
R34-M0-N5-C:J12-U11,R34,M0,N5,1,0.0,
R23-M0-N6-C:J06-U11,R23,M0,N6,1,0.0,
R30-M0-NB-C:J03-U11,R30,M0,NB,1,0.0,
R27-M0-N7-C:J10-U01,R27,M0,N7,1,0.0,
R35-M0-N9-C:J10-U11,R35,M0,N9,1,0.0,
R10-M1-N5-C:J04-U01,R10,M1,N5,1,0.0,
R15-M1-NB-C:J15-U01,R15,M1,NB,1,0.0,
R03-M0-N6-C:J09-U01,R03,M0,N6,1,0.0,
R11-M1-NB-C:J12-U11,R11,M1,NB,1,0.0,
R01-M0-N9-C:J03-U11,R01,M0,N9,1,0.0,
R25-M1-N2-C:J03-U01,R25,M1,N2,1,0.0,
R00-M1-NE-C:J14-U01,R00,M1,NE,1,0.0,
R36-M1-N6-C:J04-U11,R36,M1,N6,1,0.0,
R26-M0-NA-C:J07-U01,R26,M0,NA,1,0.0,
R24-M0-N1-C:J17-U01,R24,M0,N1,1,0.0,
R24-M1-N1-C:J14-U01,R24,M1,N1,1,0.0,
R22-M0-N2-C:J09-U11,R22,M0,N2,1,0.0,
R27-M0-N1-C:J05-U01,R27,M0,N1,2,0.0,
R10-M0-NE-C:J04-U11,R10,M0,NE,1,0.0,
R06-M1-NB-C:J03-U01,R06,M1,NB,1,0.0,
R21-M0-ND-C:J15-U11,R21,M0,ND,1,0.0,
R35-M1-N9-C:J10-U11,R35,M1,N9,1,0.0,
R31-M1-N0-C:J03-U01,R31,M1,N0,1,0.0,
R26-M0-NF-C:J02-U01,R26,M0,NF,1,0.0,
R26-M0-N7-C:J02-U01,R26,M0,N7,1,0.0,
R37-M1-N7-C:J17-U01,R37,M1,N7,1,0.0,
R37-M1-N7-C:J04-U11,R37,M1,N7,1,0.0,
R20-M0-N5-C:J07-U11,R20,M0,N5,1,0.0,
R21-M1-N8-C:J04-U01,R21,M1,N8,1,0.0,
R00-M1-N9-C:J11-U01,R00,M1,N9,1,0.0,
R26-M0-ND-C:J16-U11,R26,M0,ND,1,0.0,
R21-M0-N3-C:J06-U11,R21,M0,N3,1,0.0,
R14-M0-NB-C:J13-U11,R14,M0,NB,1,0.0,
R14-M0-N9-C:J14-U01,R14,M0,N9,1,0.0,
R32-M1-N9-C:J10-U11,R32,M1,N9,1,0.0,
R35-M1-N3-C:J04-U11,R35,M1,N3,1,0.0,
R26-M1-N3-C:J11-U11,R26,M1,N3,1,0.0,
R33-M0-N2-C:J07-U11,R33,M0,N2,1,0.0,
R25-M1-NF-C:J10-U11,R25,M1,NF,1,0.0,
R35-M1-NF-C:J14-U01,R35,M1,NF,1,0.0,
R20-M1-N8-C:J03-U01,R20,M1,N8,1,0.0,
R11-M0-N2-C:J04-U11,R11,M0,N2,1,0.0,
R11-M1-N2-C:J04-U01,R11,M1,N2,1,0.0,
R10-M0-NB-C:J13-U11,R10,M0,NB,1,0.0,
R30-M1-N1-C:J12-U01,R30,M1,N1,1,0.0,
R30-M0-NF-C:J15-U11,R30,M0,NF,1,0.0,
R35-M0-ND-C:J14-U01,R35,M0,ND,1,0.0,
R24-M0-N7-C:J17-U11,R24,M0,N7,1,0.0,
R36-M0-N9-C:J17-U01,R36,M0,N9,1,0.0,
R31-M1-N7-C:J03-U01,R31,M1,N7,1,0.0,
R21-M0-N0-C:J06-U01,R21,M0,N0,1,0.0,
R36-M1-N7-C:J05-U01,R36,M1,N7,1,0.0,
R20-M0-N6-C:J03-U11,R20,M0,N6,1,0.0,
R26-M1-N6-C:J15-U11,R26,M1,N6,1,0.0,
R27-M0-N2-C:J03-U11,R27,M0,N2,1,0.0,
R27-M1-ND-C:J02-U01,R27,M1,ND,1,0.0,
R25-M0-N9-C:J11-U01,R25,M0,N9,1,0.0,
R22-M1-N8-C:J02-U01,R22,M1,N8,1,0.0,
R27-M1-N8-C:J08-U11,R27,M1,N8,1,0.0,
R33-M0-N0-C:J04-U01,R33,M0,N0,1,0.0,
R04-M1-NE-C:J15-U11,R04,M1,NE,1,0.0,
R00-M1-N7-C:J11-U01,R00,M1,N7,1,0.0,
R01-M1-N7-C:J11-U11,R01,M1,N7,1,0.0,
R05-M1-N9-C:J16-U01,R05,M1,N9,1,0.0,
R01-M1-N9-C:J03-U11,R01,M1,N9,1,0.0,
R04-M1-NE-C:J10-U01,R04,M1,NE,1,0.0,
R27-M1-N9-C:J15-U11,R27,M1,N9,1,0.0,
R23-M1-NA-C:J14-U11,R23,M1,NA,1,0.0,
R25-M1-N7-C:J13-U01,R25,M1,N7,1,0.0,
R24-M1-N7-C:J16-U11,R24,M1,N7,1,0.0,
R22-M0-N0-I:J18-U11,R22,M0,N0,1,0.0,
R01-M0-N1-C:J09-U11,R01,M0,N1,1,1.0,KERNRTSP
R37-M1-N6-C:J03-U11,R37,M1,N6,1,0.0,
R25-M0-ND-C:J09-U01,R25,M0,ND,1,0.0,
R34-M1-N4-C:J07-U11,R34,M1,N4,1,0.0,
R34-M1-N4-C:J10-U01,R34,M1,N4,2,0.0,
R17-M0-NF-C:J10-U11,R17,M0,NF,1,0.0,
R11-M1-N6-C:J16-U11,R11,M1,N6,1,0.0,
R15-M0-N8-C:J02-U11,R15,M0,N8,1,0.0,
R11-M1-N3-C:J07-U11,R11,M1,N3,1,0.0,
R22-M1-N3-C:J02-U01,R22,M1,N3,1,0.0,
R26-M1-N1-C:J11-U01,R26,M1,N1,1,0.0,
R30-M1-N2-C:J11-U11,R30,M1,N2,1,0.0,
R23-M1-N6-C:J14-U11,R23,M1,N6,1,0.0,
R11-M1-NE-C:J06-U01,R11,M1,NE,1,0.0,
R00-M1-N9-C:J16-U01,R00,M1,N9,1,0.0,
R01-M0-NE-C:J05-U11,R01,M0,NE,1,0.0,
R34-M0-N0-C:J17-U11,R34,M0,N0,1,0.0,
R23-M0-N3-C:J12-U11,R23,M0,N3,1,0.0,
R11-M1-N3-C:J10-U11,R11,M1,N3,1,0.0,
R36-M0-N7-C:J04-U11,R36,M0,N7,1,0.0,
R31-M1-N5-C:J02-U11,R31,M1,N5,1,0.0,
R37-M0-NB-C:J05-U01,R37,M0,NB,1,0.0,
R27-M0-N6-C:J09-U11,R27,M0,N6,1,0.0,
R25-M0-N7-C:J10-U01,R25,M0,N7,1,0.0,
R23-M0-N7-C:J02-U11,R23,M0,N7,1,0.0,
R32-M1-N8-C:J05-U01,R32,M1,N8,1,0.0,
R23-M0-N5-C:J04-U01,R23,M0,N5,1,0.0,
R26-M0-N3-C:J14-U11,R26,M0,N3,1,0.0,
R37-M0-NA-C:J04-U11,R37,M0,NA,1,0.0,
R00-M0-NC-C:J17-U11,R00,M0,NC,1,0.0,
R01-M0-NC-C:J12-U01,R01,M0,NC,2,0.0,
R00-M1-N2-C:J02-U11,R00,M1,N2,1,0.0,
R05-M1-N7-C:J15-U11,R05,M1,N7,1,0.0,
R05-M0-N9-C:J07-U11,R05,M0,N9,1,0.0,
R04-M1-N6-C:J12-U11,R04,M1,N6,1,0.0,
R26-M0-N9-C:J08-U01,R26,M0,N9,1,0.0,
R27-M0-N5-C:J10-U01,R27,M0,N5,1,0.0,
R34-M1-NE-C:J03-U11,R34,M1,NE,1,0.0,
R30-M1-NA-C:J14-U01,R30,M1,NA,1,0.0,
R25-M1-N6-C:J07-U11,R25,M1,N6,1,0.0,
R25-M0-NB-C:J03-U11,R25,M0,NB,1,0.0,
R31-M1-NA-C:J08-U11,R31,M1,NA,1,0.0,
R33-M1-N8-C:J15-U11,R33,M1,N8,1,0.0,
R22-M1-ND-C:J05-U11,R22,M1,ND,1,0.0,
R21-M0-N2-C:J05-U01,R21,M0,N2,1,0.0,
R36-M0-NB-C:J12-U01,R36,M0,NB,2,0.0,
R33-M1-NA-C:J12-U11,R33,M1,NA,1,0.0,
R23-M1-NF-C:J12-U11,R23,M1,NF,1,0.0,
R23-M0-NB-C:J11-U11,R23,M0,NB,1,0.0,
R31-M0-NC-C:J03-U01,R31,M0,NC,1,0.0,
R20-M0-N0-C:J02-U11,R20,M0,N0,1,0.0,
R21-M1-N0-C:J15-U01,R21,M1,N0,1,0.0,
R30-M1-NC-C:J17-U01,R30,M1,NC,1,0.0,
R30-M0-N4-C:J09-U11,R30,M0,N4,1,0.0,
R20-M1-N9-C:J12-U11,R20,M1,N9,1,0.0,
R26-M0-NB-C:J04-U01,R26,M0,NB,1,0.0,
R26-M0-N1-C:J13-U11,R26,M0,N1,1,0.0,
R22-M0-N3-C:J17-U01,R22,M0,N3,1,0.0,
R06-M1-N8-C:J16-U11,R06,M1,N8,1,0.0,
R35-M1-N1-C:J12-U11,R35,M1,N1,1,0.0,
R34-M1-N7-C:J03-U11,R34,M1,N7,1,0.0,
R21-M0-NA-C:J11-U11,R21,M0,NA,1,0.0,
R21-M0-N9-C:J17-U11,R21,M0,N9,1,0.0,
R21-M0-N5-C:J13-U11,R21,M0,N5,1,0.0,
R37-M0-NC-C:J11-U11,R37,M0,NC,1,0.0,
R23-M1-N8-C:J09-U11,R23,M1,N8,1,0.0,
R01-M0-NB-C:J07-U01,R01,M0,NB,1,0.0,
R04-M0-NB-C:J04-U01,R04,M0,NB,1,0.0,
R04-M0-NE-C:J17-U01,R04,M0,NE,1,0.0,
R07-M1-ND-C:J02-U11,R07,M1,ND,1,0.0,
R33-M0-N6-C:J13-U11,R33,M0,N6,1,0.0,
R20-M1-N2-C:J03-U11,R20,M1,N2,1,0.0,
R37-M0-N6-C:J09-U11,R37,M0,N6,1,0.0,
R31-M0-ND-C:J03-U11,R31,M0,ND,1,0.0,
R23-M0-NE-C:J16-U11,R23,M0,NE,1,0.0,
R21-M0-N9-C:J16-U11,R21,M0,N9,1,0.0,
R32-M0-N5-C:J02-U11,R32,M0,N5,1,0.0,
R17-M1-N6-C:J04-U11,R17,M1,N6,1,0.0,
R10-M0-N3-C:J03-U01,R10,M0,N3,1,0.0,
R15-M1-N3-C:J15-U01,R15,M1,N3,1,0.0,
R03-M1-NB-C:J10-U01,R03,M1,NB,1,0.0,
R36-M1-NB-C:J14-U11,R36,M1,NB,1,0.0,
R33-M1-N9-C:J10-U01,R33,M1,N9,1,0.0,
R37-M1-NA-C:J12-U11,R37,M1,NA,1,0.0,
R21-M1-N1-C:J16-U01,R21,M1,N1,1,0.0,
R27-M1-NA-C:J06-U11,R27,M1,NA,1,0.0,
R23-M0-NA-C:J09-U11,R23,M0,NA,1,0.0,
R23-M1-NB-C:J16-U11,R23,M1,NB,1,0.0,
R12-M0-NF-C:J16-U01,R12,M0,NF,1,0.0,
R11-M1-NA-C:J05-U11,R11,M1,NA,1,0.0,
R01-M1-N6-C:J07-U11,R01,M1,N6,1,0.0,
R07-M1-ND-C:J11-U11,R07,M1,ND,1,0.0,
R31-M0-N0-C:J04-U11,R31,M0,N0,1,0.0,
R34-M1-N8-C:J07-U01,R34,M1,N8,1,0.0,
R23-M1-N0-C:J05-U01,R23,M1,N0,1,0.0,
R20-M1-N8-C:J12-U01,R20,M1,N8,1,1.0,KERNTERM
R00-M1-N5-C:J03-U11,R00,M1,N5,1,0.0,
R24-M0-NB-C:J06-U11,R24,M0,NB,1,0.0,
R32-M1-N5-C:J06-U01,R32,M1,N5,1,0.0,
R10-M0-NF-C:J04-U01,R10,M0,NF,1,0.0,
R00-M1-NF-C:J04-U11,R00,M1,NF,1,0.0,
R11-M1-NB-C:J15-U11,R11,M1,NB,1,0.0,
R04-M1-NE-C:J02-U11,R04,M1,NE,1,0.0,
R17-M0-N4-C:J06-U01,R17,M0,N4,1,0.0,
R31-M0-NC-C:J14-U11,R31,M0,NC,1,0.0,
R27-M1-NC-C:J15-U01,R27,M1,NC,1,0.0,
R25-M1-N8-C:J03-U01,R25,M1,N8,1,0.0,
R10-M1-N0-C:J09-U11,R10,M1,N0,1,0.0,
R10-M1-N0-C:J16-U11,R10,M1,N0,1,0.0,
R00-M0-N4-C:J17-U01,R00,M0,N4,1,0.0,
R34-M0-N1-C:J08-U01,R34,M0,N1,1,0.0,
R32-M0-N3-C:J09-U11,R32,M0,N3,1,0.0,
R12-M1-N5-C:J15-U11,R12,M1,N5,1,0.0,
R06-M0-N7-C:J10-U11,R06,M0,N7,1,0.0,
R02-M0-N8-C:J12-U01,R02,M0,N8,1,0.0,
R24-M1-N5-C:J03-U01,R24,M1,N5,1,0.0,
R02-M0-NF-C:J13-U01,R02,M0,NF,1,0.0,
R27-M0-N5-C:J11-U11,R27,M0,N5,1,0.0,
R12-M1-N0-C:J13-U01,R12,M1,N0,1,0.0,
R16-M1-N5-C:J15-U01,R16,M1,N5,1,0.0,
R27-M0-NE-C:J11-U11,R27,M0,NE,1,0.0,
R37-M0-NC-C:J03-U01,R37,M0,NC,1,0.0,
R01-M0-NE-C:J17-U01,R01,M0,NE,1,0.0,
R04-M0-N4-C:J12-U01,R04,M0,N4,1,0.0,
R14-M1-N3-C:J04-U01,R14,M1,N3,1,0.0,
R10-M0-N2-C:J12-U01,R10,M0,N2,1,0.0,
R15-M1-N6-C:J02-U11,R15,M1,N6,1,0.0,
R10-M0-N4-C:J05-U11,R10,M0,N4,1,0.0,
R37-M1-N1-C:J11-U11,R37,M1,N1,1,0.0,
R22-M1-N3-C:J12-U01,R22,M1,N3,1,0.0,
R21-M0-NF-C:J09-U11,R21,M0,NF,1,0.0,
R22-M0-N3-C:J02-U01,R22,M0,N3,1,0.0,
R36-M1-NE-C:J11-U11,R36,M1,NE,1,0.0,
R01-M1-N1-C:J03-U11,R01,M1,N1,1,0.0,
R04-M0-N1-C:J10-U01,R04,M0,N1,1,0.0,
R27-M0-N9-C:J07-U11,R27,M0,N9,1,0.0,
R17-M1-N9-C:J05-U01,R17,M1,N9,1,0.0,
R11-M0-N9-C:J17-U01,R11,M0,N9,1,0.0,
R15-M0-N6-C:J12-U01,R15,M0,N6,1,0.0,
R12-M0-N0-C:J12-U11,R12,M0,N0,1,0.0,
R13-M0-N0-C:J15-U11,R13,M0,N0,1,0.0,
R16-M0-N9-C:J08-U11,R16,M0,N9,1,0.0,
R14-M1-N3-C:J15-U01,R14,M1,N3,1,0.0,
R16-M0-NE-C:J06-U01,R16,M0,NE,1,0.0,
R16-M0-ND-C:J02-U11,R16,M0,ND,1,0.0,
R16-M1-N3-C:J15-U11,R16,M1,N3,1,0.0,
R15-M0-N6-C:J10-U11,R15,M0,N6,1,0.0,
R14-M1-N0-C:J06-U01,R14,M1,N0,1,0.0,
R10-M1-N4-C:J06-U01,R10,M1,N4,1,0.0,
R17-M0-NF-C:J04-U01,R17,M0,NF,1,0.0,
R15-M1-NA-C:J13-U11,R15,M1,NA,1,0.0,
R17-M0-N1-C:J06-U11,R17,M0,N1,1,0.0,
R15-M1-N3-C:J11-U11,R15,M1,N3,1,0.0,
R16-M1-NB-C:J06-U01,R16,M1,NB,1,0.0,
R11-M1-N5-C:J14-U11,R11,M1,N5,1,0.0,
R17-M0-N0-C:J10-U01,R17,M0,N0,1,0.0,
R13-M1-N4-C:J14-U01,R13,M1,N4,1,0.0,
R36-M1-N9-C:J06-U01,R36,M1,N9,1,0.0,
R37-M0-N1-C:J02-U01,R37,M0,N1,1,0.0,
R24-M1-NF-C:J05-U01,R24,M1,NF,1,0.0,
R31-M1-NA-C:J04-U01,R31,M1,NA,1,0.0,
R17-M1-N9-C:J11-U11,R17,M1,N9,1,0.0,
R12-M1-N2-C:J04-U11,R12,M1,N2,1,0.0,
R01-M1-NB-C:J15-U01,R01,M1,NB,1,0.0,
R00-M0-N7-C:J09-U01,R00,M0,N7,1,0.0,
R00-M1-N0-C:J14-U11,R00,M1,N0,1,0.0,
R06-M0-N8-C:J11-U01,R06,M0,N8,1,0.0,
R20-M0-N9-C:J06-U01,R20,M0,N9,1,0.0,
R22-M1-NB-C:J08-U11,R22,M1,NB,1,0.0,
R22-M1-N3-C:J02-U11,R22,M1,N3,1,0.0,
R20-M1-ND-C:J06-U01,R20,M1,ND,1,0.0,
R21-M1-N2-C:J12-U11,R21,M1,N2,1,0.0,
R16-M0-N9-C:J17-U01,R16,M0,N9,1,0.0,
R16-M0-N6-C:J12-U01,R16,M0,N6,1,0.0,
R10-M1-NB-C:J16-U11,R10,M1,NB,1,0.0,
R16-M0-ND-C:J13-U01,R16,M0,ND,1,0.0,
R07-M0-N6-C:J07-U11,R07,M0,N6,1,0.0,
R03-M1-N6-C:J08-U11,R03,M1,N6,1,0.0,
R03-M1-N2-C:J11-U01,R03,M1,N2,1,0.0,
R05-M1-N9-C:J11-U01,R05,M1,N9,1,0.0,
R36-M0-N7-C:J13-U11,R36,M0,N7,1,0.0,
R36-M0-N3-C:J09-U01,R36,M0,N3,1,0.0,
R31-M1-N1-C:J08-U11,R31,M1,N1,1,0.0,
R00-M0-N2,R00,M0,N2,1,0.0,
R10-M1-N7,R10,M1,N7,1,0.0,
R06-M1-ND,R06,M1,ND,1,0.0,
R23-M1-N1-C:J13-U11,R23,M1,N1,1,0.0,
R25-M1-N2,R25,M1,N2,1,0.0,
R51-M1-ND,R51,M1,ND,1,0.0,
R44-M0-N3,R44,M0,N3,1,0.0,
R26-M0-N7,R26,M0,N7,2,0.0,
R00-M0-N6-C:J03-U11,R00,M0,N6,1,0.0,
R15-M0-NC-C:J04-U11,R15,M0,NC,1,0.0,
R61-M0-NB-C:J05-U01,R61,M0,NB,3,0.0,
R46-M0-N0-I:J18-U01,R46,M0,N0,1,0.0,
R52-M1-N8-I:J18-U11,R52,M1,N8,1,0.0,
R61-M1-N0-I:J18-U01,R61,M1,N0,1,0.0,
R24-M0-N0-I:J18-U01,R24,M0,N0,1,0.0,
R31-M1-N4-I:J18-U11,R31,M1,N4,1,0.0,
R66-M0-N8-I:J18-U01,R66,M0,N8,2,0.0,
R16-M1-N0-I:J18-U11,R16,M1,N0,1,0.0,
R66-M1-N4-I:J18-U01,R66,M1,N4,1,0.0,
R73-M0-N4-I:J18-U11,R73,M0,N4,2,0.0,
R63-M0-N4-C:J16-U01,R63,M0,N4,1,1.0,KERNTERM
R12-M0-N4-I:J18-U01,R12,M0,N4,1,0.0,
R60-M1-N7-C:J16-U11,R60,M1,N7,1,0.0,
R11-M1-N2-C:J12-U01,R11,M1,N2,1,0.0,
R70-M1-N0-I:J18-U01,R70,M1,N0,1,0.0,
R21-M1-NC-I:J18-U01,R21,M1,NC,1,0.0,
R65-M0-NC-I:J18-U11,R65,M0,NC,1,0.0,
R71-M0-NF-C:J04-U01,R71,M0,NF,1,0.0,
R62-M1-NF-C:J09-U11,R62,M1,NF,1,0.0,
R63-M1-NA-C:J03-U01,R63,M1,NA,1,0.0,
R60-M1-N1-C:J11-U11,R60,M1,N1,1,0.0,
R64-M1-N3-C:J07-U11,R64,M1,N3,1,0.0,
R60-M0-NE-C:J10-U11,R60,M0,NE,1,0.0,
R65-M1-N5-C:J14-U11,R65,M1,N5,1,0.0,
R61-M1-ND-C:J17-U01,R61,M1,ND,1,0.0,
R65-M1-N4-C:J06-U01,R65,M1,N4,1,0.0,
R65-M0-ND-C:J12-U01,R65,M0,ND,1,0.0,
R67-M1-NB-C:J11-U11,R67,M1,NB,1,0.0,
R67-M1-NB-C:J10-U11,R67,M1,NB,1,0.0,
R66-M1-ND-C:J15-U01,R66,M1,ND,1,0.0,
R67-M1-N6-C:J02-U11,R67,M1,N6,1,0.0,
R77-M0-N2-C:J06-U01,R77,M0,N2,1,0.0,
R67-M0-ND-C:J02-U01,R67,M0,ND,1,0.0,
R66-M0-N0-C:J16-U01,R66,M0,N0,1,0.0,
R64-M0-NB-C:J15-U01,R64,M0,NB,1,0.0,
R60-M0-N6-C:J09-U11,R60,M0,N6,1,0.0,
R67-M0-N8-C:J06-U11,R67,M0,N8,1,0.0,
R14-M1-N5-C:J12-U11,R14,M1,N5,1,0.0,
R11-M1-N7,R11,M1,N7,1,0.0,
R77-M1-NF-C:J02-U11,R77,M1,NF,1,0.0,
R73-M1-N8-C:J06-U01,R73,M1,N8,1,0.0,
R75-M1-N8-C:J13-U11,R75,M1,N8,1,0.0,
R74-M0-NB-C:J17-U01,R74,M0,NB,1,0.0,
R76-M1-ND-C:J11-U11,R76,M1,ND,1,0.0,
R40-M1-N6-C:J12-U11,R40,M1,N6,1,0.0,
R50-M1-NB-C:J07-U11,R50,M1,NB,1,0.0,
R57-M1-NF-C:J11-U11,R57,M1,NF,1,0.0,
R47-M0-N5-C:J15-U01,R47,M0,N5,1,0.0,
R42-M1-NE-C:J15-U11,R42,M1,NE,1,0.0,
R54-M0-NB-C:J07-U01,R54,M0,NB,1,0.0,
R40-M1-N4-C:J17-U01,R40,M1,N4,1,0.0,
R52-M0-N4-C:J17-U11,R52,M0,N4,1,0.0,
R54-M0-NC-C:J09-U11,R54,M0,NC,1,0.0,
R51-M1-N9-C:J10-U01,R51,M1,N9,1,0.0,
R57-M0-N1-C:J16-U01,R57,M0,N1,1,0.0,
R52-M0-N6-C:J10-U11,R52,M0,N6,1,0.0,
R52-M1-N6-C:J13-U01,R52,M1,N6,1,0.0,
R45-M0-N1-C:J14-U11,R45,M0,N1,1,0.0,
R45-M0-ND-C:J09-U01,R45,M0,ND,1,0.0,
R45-M0-N6-C:J14-U01,R45,M0,N6,1,0.0,
R44-M1-NB-C:J14-U11,R44,M1,NB,1,0.0,
R00-M0-N4-C:J06-U11,R00,M0,N4,1,0.0,
R26-M0-NC-I:J18-U01,R26,M0,NC,1,0.0,
R00-M1-NB-C:J02-U01,R00,M1,NB,1,0.0,
R42-M1-NC-I:J18-U11,R42,M1,NC,1,1.0,KERNMNTF
R72-M1-N4-I:J18-U01,R72,M1,N4,1,0.0,
R02-M1-N8-I:J18-U01,R02,M1,N8,1,1.0,KERNMNTF
R10-M1-N4-I:J18-U01,R10,M1,N4,1,1.0,KERNMNTF
R04-M0-NC-I:J18-U11,R04,M0,NC,2,1.0,KERNMNTF
R63-M1-N0,R63,M1,N0,1,0.0,
R06-M1-N6-C:J15-U01,R06,M1,N6,1,0.0,
R62-M0-NC-I:J18-U11,R62,M0,NC,1,0.0,
R55-M1-NC-I:J18-U01,R55,M1,NC,1,1.0,KERNMNTF
R03-M0-N3-C:J02-U11,R03,M0,N3,1,0.0,
R70-M1-NC-C:J09-U11,R70,M1,NC,1,0.0,
R01-M1-N4-I:J18-U11,R01,M1,N4,1,1.0,KERNMNTF
R63-M1-NC-I:J18-U11,R63,M1,NC,1,0.0,
R03-M1-N6-C:J11-U11,R03,M1,N6,1,0.0,
R53-M1-N0-I:J18-U01,R53,M1,N0,1,1.0,APPSEV
R30-M0-N4-I:J18-U01,R30,M0,N4,1,1.0,KERNMNTF
R72-M1-N0-I:J18-U01,R72,M1,N0,1,1.0,APPSEV
R37-M0-NF-C:J07-U01,R37,M0,NF,1,0.0,
R76-M1-N8,R76,M1,N8,1,0.0,
R05-M0-N6,R05,M0,N6,1,0.0,
R27-M0-N8-I:J18-U11,R27,M0,N8,1,0.0,
R45-M0-N0-I:J18-U01,R45,M0,N0,1,0.0,
R44-M1-NC-I:J18-U01,R44,M1,NC,1,0.0,
R26-M1-N8-I:J18-U01,R26,M1,N8,1,0.0,
R23-M1-N8-I:J18-U11,R23,M1,N8,1,0.0,
R54-M1-N4-I:J18-U11,R54,M1,N4,1,0.0,
R16-M1-N4-I:J18-U11,R16,M1,N4,1,0.0,
R63-M1-NA-C:J14-U11,R63,M1,NA,1,0.0,
R57-M0-NB-C:J07-U11,R57,M0,NB,1,0.0,
R10-M0-N0-C:J06-U01,R10,M0,N0,1,0.0,
R06-M1-N4-C:J08-U01,R06,M1,N4,1,0.0,
R01-M0-N8-C:J02-U11,R01,M0,N8,1,0.0,
R12-M1-N4-I:J18-U01,R12,M1,N4,1,0.0,
R03-M1-ND-C:J14-U01,R03,M1,ND,1,0.0,
R20-M1-NB-C:J16-U11,R20,M1,NB,1,0.0,
R11-M1-NE-C:J17-U01,R11,M1,NE,1,0.0,
R63-M0-N4-I:J18-U01,R63,M0,N4,1,0.0,
R56-M0-N0-I:J18-U01,R56,M0,N0,1,1.0,APPSEV
R43-M0-N9-C:J08-U11,R43,M0,N9,1,0.0,
R17-M1-N0-I:J18-U11,R17,M1,N0,1,0.0,
R62-M1-N4-I:J18-U11,R62,M1,N4,1,0.0,
R44-M0-N4-I:J18-U01,R44,M0,N4,2,1.0,APPSEV
R73-M0-NC-I:J18-U11,R73,M0,NC,1,0.0,
R30-M0-N5-C:J05-U01,R30,M0,N5,1,0.0,
R07-M1-NA-C:J09-U01,R07,M1,NA,1,0.0,
R13-M1-N3-C:J05-U11,R13,M1,N3,1,0.0,
R25-M1-N0-I:J18-U01,R25,M1,N0,1,0.0,
R02-M0-N4-C:J04-U11,R02,M0,N4,6,0.0,
R13-M1-N8-C:J02-U11,R13,M1,N8,1,0.0,
R17-M0-N0-I:J18-U01,R17,M0,N0,1,0.0,
R62-M0-N8-I:J18-U01,R62,M0,N8,1,0.0,
R21-M1-N0-C:J10-U11,R21,M1,N0,1,0.0,
R55-M0-N9-C:J06-U11,R55,M0,N9,3,0.0,
R63-M1-NF-C:J15-U11,R63,M1,NF,1,1.0,KERNTERM
R63-M1-N5-C:J17-U01,R63,M1,N5,1,1.0,KERNREC
R06-M0-N9-C:J02-U01,R06,M0,N9,1,0.0,
R74-M1-NC-C:J15-U11,R74,M1,NC,1,0.0,
R27-M1-N8-C:J16-U11,R27,M1,N8,1,0.0,
R60-M0-NE-C:J08-U11,R60,M0,NE,1,0.0,
R61-M1-NB-C:J17-U11,R61,M1,NB,1,0.0,
R61-M0-N3-C:J12-U11,R61,M0,N3,1,0.0,
R60-M1-NC-C:J10-U11,R60,M1,NC,1,0.0,
R65-M1-NB-C:J14-U01,R65,M1,NB,1,0.0,
R64-M0-N6-C:J17-U11,R64,M0,N6,1,0.0,
R61-M1-N5-C:J13-U11,R61,M1,N5,1,0.0,
R65-M1-N6-C:J11-U01,R65,M1,N6,1,0.0,
R66-M0-NF-C:J12-U01,R66,M0,NF,1,0.0,
R64-M1-N9-C:J15-U11,R64,M1,N9,1,0.0,
R60-M0-N1-C:J14-U01,R60,M0,N1,1,0.0,
R61-M0-N9-C:J04-U01,R61,M0,N9,1,0.0,
R66-M1-N8-C:J12-U01,R66,M1,N8,1,0.0,
R65-M0-N1-C:J04-U01,R65,M0,N1,1,0.0,
R67-M0-ND-C:J03-U01,R67,M0,ND,1,0.0,
R64-M1-N7-C:J16-U11,R64,M1,N7,1,0.0,
R60-M1-NF-C:J12-U11,R60,M1,NF,1,0.0,
R66-M1-N3-C:J06-U11,R66,M1,N3,1,0.0,
R66-M0-N5-C:J12-U11,R66,M0,N5,1,0.0,
R66-M0-N4-C:J02-U01,R66,M0,N4,1,0.0,
R67-M0-N5-C:J04-U11,R67,M0,N5,1,0.0,
R66-M1-ND-C:J14-U11,R66,M1,ND,1,0.0,
R67-M0-N1-C:J03-U11,R67,M0,N1,1,0.0,
R67-M1-NF-C:J10-U01,R67,M1,NF,1,0.0,
R66-M1-NB-C:J17-U01,R66,M1,NB,1,0.0,
R67-M0-N1-C:J11-U01,R67,M0,N1,1,0.0,
R66-M0-NA-C:J03-U11,R66,M0,NA,1,0.0,
R66-M1-NA-C:J15-U11,R66,M1,NA,1,0.0,
R66-M1-ND-C:J12-U11,R66,M1,ND,1,0.0,
R66-M1-NC-C:J04-U11,R66,M1,NC,1,0.0,
R67-M0-N0-C:J03-U01,R67,M0,N0,1,0.0,
R61-M0-N8-C:J03-U01,R61,M0,N8,1,0.0,
R65-M0-N8-C:J15-U01,R65,M0,N8,1,0.0,
R64-M1-N3-C:J05-U11,R64,M1,N3,1,0.0,
R62-M0-N9-C:J12-U01,R62,M0,N9,1,0.0,
R51-M1-NA-C:J17-U11,R51,M1,NA,1,0.0,
R56-M0-N7-C:J02-U01,R56,M0,N7,1,0.0,
R41-M1-NE-C:J13-U11,R41,M1,NE,1,0.0,
R54-M1-N2-C:J06-U01,R54,M1,N2,1,0.0,
R51-M1-NA-C:J05-U01,R51,M1,NA,1,0.0,
R02-M1-NE-C:J02-U11,R02,M1,NE,1,0.0,
R27-M1-N2-C:J10-U01,R27,M1,N2,1,0.0,
R06-M1-N0-C:J12-U01,R06,M1,N0,1,0.0,
R25-M1-N5-C:J16-U01,R25,M1,N5,1,0.0,
R36-M1-NB-C:J09-U01,R36,M1,NB,1,0.0,
R24-M1-ND-C:J12-U11,R24,M1,ND,1,0.0,
R62-M0-NB-C:J09-U11,R62,M0,NB,1,0.0,
R62-M0-NE-C:J08-U01,R62,M0,NE,1,0.0,
R62-M0-N0-C:J14-U01,R62,M0,N0,1,0.0,
R62-M0-N8-C:J13-U11,R62,M0,N8,1,0.0,
R62-M0-N6-C:J10-U01,R62,M0,N6,1,0.0,
R62-M0-NB-C:J16-U11,R62,M0,NB,1,0.0,
R62-M0-N6-C:J09-U11,R62,M0,N6,1,0.0,
R62-M0-N1-C:J02-U11,R62,M0,N1,1,0.0,
R62-M0-N6-C:J15-U11,R62,M0,N6,1,0.0,
R62-M0-NB-C:J12-U01,R62,M0,NB,2,0.0,
R62-M0-N6-C:J05-U11,R62,M0,N6,1,0.0,
R62-M0-NC-C:J11-U01,R62,M0,NC,1,0.0,
R62-M0-NC-C:J06-U11,R62,M0,NC,2,0.0,
R62-M0-N4-C:J04-U01,R62,M0,N4,1,0.0,
R62-M0-N7-C:J16-U01,R62,M0,N7,1,0.0,
R62-M0-NC-C:J05-U01,R62,M0,NC,1,0.0,
R62-M0-N0-C:J15-U01,R62,M0,N0,1,0.0,
R63-M0-NE-C:J11-U11,R63,M0,NE,1,0.0,
R63-M0-N8-C:J16-U11,R63,M0,N8,1,0.0,
R63-M0-ND-C:J15-U01,R63,M0,ND,1,0.0,
R62-M0-NB-C:J02-U01,R62,M0,NB,1,0.0,
R62-M0-N4-C:J15-U11,R62,M0,N4,1,0.0,
R62-M0-N5-C:J16-U11,R62,M0,N5,1,0.0,
R63-M0-N1-C:J16-U01,R63,M0,N1,1,0.0,
R63-M0-N4-C:J05-U11,R63,M0,N4,2,0.0,
R63-M0-N0-C:J03-U01,R63,M0,N0,1,0.0,
R63-M0-N7-C:J09-U01,R63,M0,N7,1,0.0,
R63-M0-N4-C:J02-U01,R63,M0,N4,1,0.0,
R63-M0-N0-C:J17-U01,R63,M0,N0,1,0.0,
R63-M0-N2-C:J03-U11,R63,M0,N2,1,0.0,
R17-M0-N8-C:J05-U01,R17,M0,N8,1,0.0,
R62-M0-N8-C:J16-U01,R62,M0,N8,1,0.0,
R62-M0-N9-C:J09-U11,R62,M0,N9,1,0.0,
R62-M0-N8-C:J06-U11,R62,M0,N8,1,0.0,
R62-M0-N2-C:J09-U11,R62,M0,N2,1,1.0,KERNREC
R62-M0-N0-C:J02-U01,R62,M0,N0,1,0.0,
R62-M0-NC-C:J05-U11,R62,M0,NC,1,0.0,
R63-M0-NA-C:J09-U01,R63,M0,NA,1,0.0,
R63-M0-N8-C:J14-U11,R63,M0,N8,1,0.0,
R63-M0-N5-C:J05-U11,R63,M0,N5,1,0.0,
R63-M0-NF-C:J05-U11,R63,M0,NF,1,0.0,
R63-M0-N1-C:J07-U01,R63,M0,N1,1,0.0,
R22-M1-N1-C:J17-U11,R22,M1,N1,1,0.0,
R63-M0-N4-C:J04-U11,R63,M0,N4,1,0.0,
R63-M0-N5-C:J12-U01,R63,M0,N5,1,0.0,
R31-M0-N8-I:J18-U01,R31,M0,N8,1,0.0,
R02-M1-N4-C:J06-U01,R02,M1,N4,1,0.0,
R23-M1-N0-C:J08-U11,R23,M1,N0,1,0.0,
R67-M1-NA,R67,M1,NA,1,0.0,
R72-M1-NE-C:J04-U01,R72,M1,NE,1,0.0,
R72-M1-N6-C:J04-U01,R72,M1,N6,1,0.0,
R35-M0-NC-I:J18-U11,R35,M0,NC,1,0.0,
R06-M1-N8-I:J18-U01,R06,M1,N8,1,0.0,
R04-M1-N8-I:J18-U01,R04,M1,N8,1,1.0,KERNMNTF
R14-M0-NC-I:J18-U11,R14,M0,NC,1,1.0,APPTO
R13-M1-N4-I:J18-U11,R13,M1,N4,1,1.0,APPRES
R55-M0-NC-I:J18-U01,R55,M0,NC,1,0.0,
R36-M1-N4-I:J18-U11,R36,M1,N4,1,0.0,
R65-M1-NC-I:J18-U11,R65,M1,NC,1,1.0,APPRES
R26-M1-N1-C:J02-U11,R26,M1,N1,1,0.0,
R77-M0-N4-I:J18-U01,R77,M0,N4,1,0.0,
R45-M1-N0-I:J18-U01,R45,M1,N0,1,1.0,APPSEV
R76-M0-NC-I:J18-U11,R76,M0,NC,1,0.0,
R72-M1-NC-I:J18-U11,R72,M1,NC,1,0.0,
R01-M1-NC-I:J18-U11,R01,M1,NC,1,0.0,
R14-M1-NC-I:J18-U01,R14,M1,NC,1,0.0,
R60-M0-N4-I:J18-U01,R60,M0,N4,1,0.0,
R67-M1-N7,R67,M1,N7,1,0.0,
R74-M1-NB-C:J02-U11,R74,M1,NB,1,0.0,
R15-M1-NC-I:J18-U01,R15,M1,NC,1,0.0,
R13-M1-NC-I:J18-U01,R13,M1,NC,1,0.0,
R17-M0-N8-C:J09-U11,R17,M0,N8,1,0.0,
R16-M0-N4-C:J07-U11,R16,M0,N4,1,0.0,
R16-M0-N4-C:J06-U11,R16,M0,N4,1,0.0,
R13-M1-N9-C:J02-U11,R13,M1,N9,1,0.0,
R34-M0-N8-C:J06-U11,R34,M0,N8,1,0.0,
R56-M0-NA-C:J12-U11,R56,M0,NA,1,0.0,
R37-M1-NE-C:J04-U11,R37,M1,NE,1,0.0,
R37-M1-N0-C:J16-U11,R37,M1,N0,1,0.0,
R32-M0-N4-C:J17-U11,R32,M0,N4,1,0.0,
R72-M0-NF-C:J15-U11,R72,M0,NF,1,0.0,
R73-M1-N7-C:J04-U01,R73,M1,N7,1,0.0,
R66-M0-N2-C:J17-U11,R66,M0,N2,1,0.0,
R73-M0-N2-C:J11-U11,R73,M0,N2,1,0.0,
R73-M0-NE-C:J14-U01,R73,M0,NE,1,0.0,
R77-M0-N5-C:J04-U11,R77,M0,N5,1,0.0,
R61-M0-N9-C:J16-U01,R61,M0,N9,1,0.0,
R64-M0-N1-C:J06-U11,R64,M0,N1,1,0.0,
R64-M0-N8-C:J05-U11,R64,M0,N8,1,0.0,
R46-M1-N5-C:J16-U01,R46,M1,N5,1,0.0,
R42-M0-NA-C:J09-U11,R42,M0,NA,1,0.0,
R27-M0-NE-C:J17-U11,R27,M0,NE,1,0.0,
R26-M1-N8-C:J08-U01,R26,M1,N8,1,0.0,
R22-M0-ND-C:J17-U01,R22,M0,ND,1,0.0,
R16-M0-N2-C:J07-U11,R16,M0,N2,1,0.0,
R17-M0-N6-C:J06-U01,R17,M0,N6,1,0.0,
R16-M1-ND-C:J05-U11,R16,M1,ND,1,0.0,
R11-M1-N3-C:J10-U01,R11,M1,N3,1,0.0,
R11-M1-ND-C:J09-U01,R11,M1,ND,1,0.0,
R07-M1-N7-C:J07-U01,R07,M1,N7,1,0.0,
R07-M1-N7-C:J14-U01,R07,M1,N7,1,0.0,
R50-M1-NA-C:J11-U11,R50,M1,NA,1,0.0,
R05-M1-N2-C:J08-U01,R05,M1,N2,1,0.0,
R07-M0-NF-C:J13-U11,R07,M0,NF,1,0.0,
R05-M0-N5-C:J08-U11,R05,M0,N5,1,0.0,
R32-M0-NB-C:J14-U01,R32,M0,NB,1,0.0,
R35-M0-N5-C:J16-U01,R35,M0,N5,1,0.0,
R32-M1-N7-C:J02-U01,R32,M1,N7,1,0.0,
R56-M1-NE-C:J11-U01,R56,M1,NE,1,0.0,
R55-M1-NE-C:J16-U01,R55,M1,NE,1,0.0,
R35-M0-NC-C:J15-U11,R35,M0,NC,1,0.0,
R55-M1-N8-C:J03-U11,R55,M1,N8,1,0.0,
R73-M1-N5-C:J07-U01,R73,M1,N5,1,0.0,
R71-M0-NC-C:J14-U01,R71,M0,NC,1,0.0,
R76-M1-N4-C:J06-U11,R76,M1,N4,1,0.0,
R61-M0-N7-C:J14-U11,R61,M0,N7,1,0.0,
R65-M0-NE-C:J10-U11,R65,M0,NE,1,0.0,
R41-M1-NF-C:J04-U01,R41,M1,NF,1,0.0,
R66-M0-N9-C:J08-U11,R66,M0,N9,1,0.0,
R70-M0-N8-C:J12-U11,R70,M0,N8,1,0.0,
R66-M0-N5-C:J13-U11,R66,M0,N5,1,0.0,
R40-M0-N8-C:J06-U11,R40,M0,N8,1,0.0,
R25-M0-N7-C:J07-U01,R25,M0,N7,1,0.0,
R25-M1-ND-C:J08-U01,R25,M1,ND,1,0.0,
R43-M1-ND-C:J08-U01,R43,M1,ND,1,0.0,
R26-M0-N9-C:J06-U01,R26,M0,N9,1,0.0,
R24-M0-N5-C:J03-U11,R24,M0,N5,1,0.0,
R27-M1-N6-C:J11-U11,R27,M1,N6,1,0.0,
R23-M0-ND-C:J08-U11,R23,M0,ND,1,0.0,
R23-M1-N5-C:J07-U11,R23,M1,N5,1,0.0,
R24-M0-N6-C:J05-U11,R24,M0,N6,1,0.0,
R00-M0-N8-C:J17-U01,R00,M0,N8,1,0.0,
R66-M0-N1-C:J03-U01,R66,M0,N1,1,0.0,
R06-M1-NF-C:J12-U01,R06,M1,NF,1,0.0,
R10-M1-N2,R10,M1,N2,1,0.0,
R60-M0-ND-C:J07-U11,R60,M0,ND,1,0.0,
R71-M0-N4-C:J14-U01,R71,M0,N4,1,0.0,
R52-M1-NA-C:J03-U01,R52,M1,NA,1,0.0,
R01-M0-N0-C:J04-U01,R01,M0,N0,1,0.0,
R03-M0-N7-C:J07-U01,R03,M0,N7,1,0.0,
R36-M0-N2-C:J05-U01,R36,M0,N2,1,0.0,
R27-M0-NB-C:J08-U01,R27,M0,NB,1,0.0,
R31-M0-NF-C:J07-U11,R31,M0,NF,1,0.0,
R37-M1-N1-C:J02-U01,R37,M1,N1,1,0.0,
R20-M1-N0-I:J18-U11,R20,M1,N0,1,0.0,
R20-M1-N4-I:J18-U01,R20,M1,N4,1,0.0,
R27-M0-N4-I:J18-U11,R27,M0,N4,1,0.0,
R03-M0-N0-I:J18-U11,R03,M0,N0,1,0.0,
R06-M0-N4-I:J18-U01,R06,M0,N4,1,0.0,
R61-M0-N0-I:J18-U11,R61,M0,N0,1,0.0,
R07-M0-N8-I:J18-U11,R07,M0,N8,1,0.0,
R15-M1-NE-C:J06-U01,R15,M1,NE,1,0.0,
R63-M1-N0-I:J18-U11,R63,M1,N0,1,1.0,APPOUT
R42-M1-N2-C:J03-U11,R42,M1,N2,1,0.0,
R61-M0-N8-C:J17-U11,R61,M0,N8,1,0.0,
R37-M1-N8-I:J18-U11,R37,M1,N8,1,1.0,APPSEV
R60-M1-N7-C:J17-U01,R60,M1,N7,1,0.0,
R30-M1-N3-C:J13-U01,R30,M1,N3,1,0.0,
R13-M1-N1-C:J03-U01,R13,M1,N1,1,0.0,
R62-M0-N4-I:J18-U01,R62,M0,N4,1,0.0,
R62-M1-NA-C:J04-U01,R62,M1,NA,1,0.0,
R07-M0-N0-I:J18-U11,R07,M0,N0,1,0.0,
R24-M0-N1-C:J13-U11,R24,M0,N1,1,0.0,
R04-M1-N4-I:J18-U11,R04,M1,N4,1,1.0,APPREAD
R24-M1-N8-C:J09-U11,R24,M1,N8,1,0.0,
R20-M1-N8-C:J04-U01,R20,M1,N8,1,0.0,
R24-M0-N8-C:J04-U11,R24,M0,N8,1,0.0,
R22-M0-ND-C:J10-U11,R22,M0,ND,1,0.0,
R27-M0-N6-C:J10-U01,R27,M0,N6,1,0.0,
R36-M1-N8-C:J17-U01,R36,M1,N8,1,0.0,
R34-M1-NE-C:J02-U01,R34,M1,NE,1,0.0,
R31-M1-N7-C:J05-U11,R31,M1,N7,1,0.0,
R32-M0-NF-C:J10-U01,R32,M0,NF,1,0.0,
R34-M1-NC-C:J06-U11,R34,M1,NC,1,0.0,
R31-M1-NC-C:J14-U11,R31,M1,NC,1,0.0,
R37-M0-N7-C:J08-U11,R37,M0,N7,1,0.0,
R30-M1-N3-C:J10-U01,R30,M1,N3,1,0.0,
R32-M1-N5-C:J17-U01,R32,M1,N5,1,0.0,
R37-M0-N3-C:J14-U01,R37,M0,N3,1,0.0,
R33-M0-N6-C:J08-U11,R33,M0,N6,1,0.0,
R30-M0-ND-C:J07-U01,R30,M0,ND,1,0.0,
R35-M1-ND-C:J10-U11,R35,M1,ND,1,0.0,
R31-M1-NF-C:J15-U01,R31,M1,NF,1,0.0,
R34-M0-ND-C:J03-U01,R34,M0,ND,1,0.0,
R37-M1-N3-C:J05-U11,R37,M1,N3,1,0.0,
R30-M1-NB-C:J17-U11,R30,M1,NB,2,0.0,
R22-M0-N4-C:J08-U11,R22,M0,N4,1,0.0,
R23-M0-N0-I:J18-U01,R23,M0,N0,2,0.0,
R25-M1-N8-C:J06-U01,R25,M1,N8,1,0.0,
R20-M1-N4-C:J09-U01,R20,M1,N4,1,0.0,
R32-M1-N9-C:J11-U11,R32,M1,N9,1,0.0,
R35-M0-NC-C:J03-U11,R35,M0,NC,1,0.0,
R36-M0-N0-C:J11-U01,R36,M0,N0,1,0.0,
R11-M0-NC-I:J18-U01,R11,M0,NC,1,0.0,
R17-M1-N7-C:J15-U11,R17,M1,N7,1,0.0,
R16-M1-N2-C:J12-U01,R16,M1,N2,1,0.0,
R03-M1-N9-C:J09-U11,R03,M1,N9,2,0.0,
R15-M1-N6-C:J04-U11,R15,M1,N6,1,0.0,
R27-M0-ND-C:J10-U01,R27,M0,ND,1,0.0,
R27-M1-N6-C:J04-U01,R27,M1,N6,1,0.0,
R26-M0-NB-C:J09-U11,R26,M0,NB,1,0.0,
R16-M1-N1-C:J12-U01,R16,M1,N1,1,0.0,
R24-M1-N6-C:J07-U11,R24,M1,N6,1,0.0,
R25-M1-N8-C:J05-U11,R25,M1,N8,1,0.0,
R00-M1-N6-C:J12-U01,R00,M1,N6,1,0.0,
R26-M0-NB-C:J07-U01,R26,M0,NB,2,0.0,
R10-M1-N5-C:J15-U11,R10,M1,N5,1,1.0,KERNSTOR
R13-M1-N2-C:J17-U01,R13,M1,N2,1,1.0,KERNSTOR
R01-M1-NA-C:J13-U01,R01,M1,NA,1,1.0,KERNSTOR
R02-M0-N0-C:J10-U01,R02,M0,N0,1,1.0,KERNSTOR
R10-M0-N1-C:J17-U11,R10,M0,N1,1,0.0,
R12-M1-NB-C:J09-U01,R12,M1,NB,1,0.0,
R06-M0-N8-C:J13-U11,R06,M0,N8,1,0.0,
R31-M0-NE-C:J15-U11,R31,M0,NE,1,0.0,
R32-M0-N3-C:J11-U01,R32,M0,N3,1,0.0,
R15-M1-NF-C:J11-U11,R15,M1,NF,1,1.0,KERNSTOR
R01-M1-N6-C:J15-U11,R01,M1,N6,1,1.0,KERNSTOR
R12-M1-NC-C:J13-U11,R12,M1,NC,1,1.0,KERNSTOR
R16-M1-N2-C:J07-U01,R16,M1,N2,1,0.0,
R17-M1-N1-C:J12-U11,R17,M1,N1,1,0.0,
R13-M0-NA-C:J15-U01,R13,M0,NA,1,0.0,
R24-M1-ND-C:J11-U11,R24,M1,ND,1,0.0,
R20-M1-NC-C:J05-U01,R20,M1,NC,1,0.0,
R25-M1-N3-C:J16-U01,R25,M1,N3,2,0.0,
R20-M0-NE-C:J02-U01,R20,M0,NE,1,1.0,KERNSTOR
R25-M0-NB-C:J02-U11,R25,M0,NB,1,1.0,KERNSTOR
R11-M1-N6-C:J12-U01,R11,M1,N6,1,1.0,KERNSTOR
R24-M1-N6-C:J13-U01,R24,M1,N6,1,1.0,KERNSTOR
R07-M1-N2-C:J05-U11,R07,M1,N2,1,1.0,KERNSTOR
R24-M1-N7-C:J08-U01,R24,M1,N7,1,0.0,
R20-M1-N7-C:J16-U01,R20,M1,N7,1,0.0,
R06-M1-NC-C:J11-U01,R06,M1,NC,1,1.0,KERNSTOR
R25-M0-N3-C:J13-U11,R25,M0,N3,1,0.0,
R20-M0-ND-C:J15-U11,R20,M0,ND,1,1.0,KERNSTOR
R21-M0-NC-C:J13-U11,R21,M0,NC,1,1.0,KERNSTOR
R21-M0-N4-C:J05-U11,R21,M0,N4,1,1.0,KERNSTOR
R20-M0-N3-C:J06-U01,R20,M0,N3,1,0.0,
R26-M1-NC-C:J13-U11,R26,M1,NC,1,0.0,
R26-M0-N5-C:J08-U01,R26,M0,N5,1,0.0,
R21-M1-N4-C:J10-U01,R21,M1,N4,3,0.0,
R20-M0-N4-C:J15-U01,R20,M0,N4,1,0.0,
R26-M0-N2-C:J05-U01,R26,M0,N2,1,0.0,
R21-M1-N6-C:J03-U11,R21,M1,N6,1,0.0,
R20-M1-NB-C:J03-U11,R20,M1,NB,1,0.0,
R20-M0-NF-C:J07-U01,R20,M0,NF,1,0.0,
R27-M1-N9-C:J11-U11,R27,M1,N9,1,0.0,
R26-M1-N4-C:J13-U11,R26,M1,N4,1,0.0,
R26-M0-N5-C:J11-U11,R26,M0,N5,1,0.0,
R24-M0-NA-C:J16-U11,R24,M0,NA,1,0.0,
R27-M1-N8-C:J09-U11,R27,M1,N8,1,0.0,
R26-M1-N6-C:J05-U01,R26,M1,N6,1,0.0,
R21-M1-N6-C:J13-U11,R21,M1,N6,1,0.0,
R25-M0-N6-C:J14-U11,R25,M0,N6,1,0.0,
R26-M0-NF-C:J15-U01,R26,M0,NF,1,0.0,
R21-M1-N5-C:J05-U11,R21,M1,N5,1,0.0,
R24-M0-N2-C:J04-U01,R24,M0,N2,1,0.0,
R27-M0-N7-C:J02-U01,R27,M0,N7,1,0.0,
R26-M0-N6-C:J14-U11,R26,M0,N6,1,0.0,
R24-M0-N2-C:J16-U11,R24,M0,N2,1,0.0,
R21-M1-N2-C:J10-U11,R21,M1,N2,1,0.0,
R20-M0-N3-C:J06-U11,R20,M0,N3,1,0.0,
R24-M0-N7-C:J06-U01,R24,M0,N7,1,0.0,
R20-M1-N1-C:J10-U01,R20,M1,N1,1,0.0,
R21-M0-NF-C:J09-U01,R21,M0,NF,1,0.0,
R27-M0-N6-C:J02-U11,R27,M0,N6,1,0.0,
R21-M0-N2-C:J17-U11,R21,M0,N2,1,0.0,
R20-M1-N0-C:J10-U01,R20,M1,N0,1,0.0,
R25-M1-NF-C:J16-U11,R25,M1,NF,1,0.0,
R20-M1-N5-C:J13-U01,R20,M1,N5,1,0.0,
R20-M1-NA-C:J03-U01,R20,M1,NA,1,0.0,
R24-M1-N6-C:J17-U01,R24,M1,N6,1,0.0,
R07-M0-N6-C:J11-U01,R07,M0,N6,1,0.0,
R22-M0-NE-C:J04-U11,R22,M0,NE,1,0.0,
R27-M1-ND-C:J11-U01,R27,M1,ND,1,0.0,
R20-M1-N7-C:J08-U11,R20,M1,N7,1,0.0,
R24-M1-NE-C:J13-U11,R24,M1,NE,1,0.0,
R27-M0-N8-C:J11-U01,R27,M0,N8,1,0.0,
R24-M1-N4-C:J07-U01,R24,M1,N4,1,0.0,
R23-M1-N4-C:J10-U11,R23,M1,N4,1,0.0,
R36-M0-NF-C:J13-U01,R36,M0,NF,1,0.0,
R05-M1-N3-C:J15-U11,R05,M1,N3,1,0.0,
R00-M1-N3-C:J08-U11,R00,M1,N3,1,0.0,
R12-M1-N2-C:J09-U11,R12,M1,N2,1,0.0,
R01-M0-NE-C:J06-U01,R01,M0,NE,1,0.0,
R14-M1-N0-I:J18-U01,R14,M1,N0,1,0.0,
R12-M1-NC-I:J18-U11,R12,M1,NC,1,1.0,APPCHILD
R05-M1-N8-C:J13-U01,R05,M1,N8,1,0.0,
R22-M0-NA-C:J02-U11,R22,M0,NA,1,0.0,
R23-M1-N7-C:J02-U01,R23,M1,N7,1,0.0,
R22-M0-N6-C:J12-U11,R22,M0,N6,1,0.0,
R23-M1-N7-C:J14-U01,R23,M1,N7,1,0.0,
R23-M1-ND-C:J02-U01,R23,M1,ND,1,0.0,
R23-M1-N8-C:J06-U01,R23,M1,N8,1,0.0,
R35-M0-NF-C:J11-U11,R35,M0,NF,1,0.0,
R20-M1-NB-C:J17-U01,R20,M1,NB,1,0.0,
R27-M1-N7-C:J10-U01,R27,M1,N7,1,0.0,
R21-M0-ND-C:J03-U11,R21,M0,ND,1,0.0,
R30-M1-NA-C:J14-U11,R30,M1,NA,1,0.0,
R34-M1-ND-C:J10-U01,R34,M1,ND,1,0.0,
R25-M0-N6-C:J08-U11,R25,M0,N6,1,0.0,
R23-M1-N6-C:J14-U01,R23,M1,N6,1,0.0,
R32-M0-NA-C:J13-U11,R32,M0,NA,1,0.0,
R35-M0-N6-C:J06-U11,R35,M0,N6,1,0.0,
R00-M1-NA-C:J14-U01,R00,M1,NA,1,0.0,
R16-M1-NA-C:J02-U01,R16,M1,NA,1,0.0,
R05-M0-N7-C:J04-U01,R05,M0,N7,2,0.0,
R04-M0-N1-C:J03-U01,R04,M0,N1,1,0.0,
R31-M1-N2-C:J07-U01,R31,M1,N2,1,0.0,
R33-M1-NE-C:J11-U01,R33,M1,NE,2,0.0,
R24-M0-N7-C:J17-U01,R24,M0,N7,1,0.0,
R33-M0-N1-C:J11-U11,R33,M0,N1,1,0.0,
R10-M1-NA-C:J13-U11,R10,M1,NA,1,0.0,
R14-M1-N6-C:J06-U01,R14,M1,N6,1,0.0,
R06-M0-N7-C:J04-U01,R06,M0,N7,1,0.0,
R01-M1-N8-I:J18-U11,R01,M1,N8,1,0.0,
R03-M0-N9-C:J09-U01,R03,M0,N9,1,0.0,
R07-M1-N0-C:J15-U11,R07,M1,N0,1,0.0,
R36-M1-NC-C:J06-U11,R36,M1,NC,1,0.0,
R36-M0-ND-C:J13-U11,R36,M0,ND,1,0.0,
R05-M1-N9-C:J14-U11,R05,M1,N9,1,0.0,
R36-M1-ND-C:J16-U11,R36,M1,ND,1,0.0,
R05-M0-NE-C:J05-U01,R05,M0,NE,1,0.0,
R06-M0-NE-C:J12-U11,R06,M0,NE,1,0.0,
R03-M1-NC-C:J05-U11,R03,M1,NC,1,0.0,
R05-M1-N8-C:J15-U11,R05,M1,N8,1,0.0,
R35-M1-NF-C:J15-U01,R35,M1,NF,1,0.0,
R05-M0-N5-C:J09-U11,R05,M0,N5,1,0.0,
R02-M1-NE,R02,M1,NE,1,0.0,
R37-M0-NA-C:J15-U01,R37,M0,NA,1,0.0,
R32-M1-ND-C:J04-U01,R32,M1,ND,1,0.0,
R15-M1-NB-C:J16-U01,R15,M1,NB,1,0.0,
R05-M1-ND-C:J06-U11,R05,M1,ND,1,0.0,
R03-M0-N2-C:J02-U01,R03,M0,N2,1,0.0,
R26-M0-NA-C:J17-U11,R26,M0,NA,1,0.0,
R17-M0-NF-C:J16-U01,R17,M0,NF,1,0.0,
R16-M0-NF-C:J07-U01,R16,M0,NF,1,0.0,
R11-M0-N9-C:J03-U11,R11,M0,N9,1,0.0,
R01-M1-NF-C:J05-U11,R01,M1,NF,1,0.0,
R21-M0-N0-C:J05-U11,R21,M0,N0,1,0.0,
R32-M0-N8-C:J11-U01,R32,M0,N8,1,0.0,
R15-M1-N4-C:J09-U11,R15,M1,N4,1,0.0,
R06-M1-N2-C:J15-U11,R06,M1,N2,1,0.0,
R17-M0-NE-C:J09-U01,R17,M0,NE,1,0.0,
R33-M1-N7-C:J05-U11,R33,M1,N7,1,0.0,
R23-M1-ND-C:J16-U01,R23,M1,ND,1,0.0,
R36-M1-N4-I:J18-U01,R36,M1,N4,1,0.0,
R07-M1-NC-C:J12-U11,R07,M1,NC,1,0.0,
R21-M1-N8-C:J05-U11,R21,M1,N8,1,0.0,
R20-M1-N5-C:J06-U11,R20,M1,N5,1,0.0,
R34-M0-N7-C:J08-U11,R34,M0,N7,1,0.0,
R31-M1-N5-C:J11-U01,R31,M1,N5,1,0.0,
R21-M1-NB-C:J07-U01,R21,M1,NB,1,0.0,
R33-M1-N8-C:J17-U11,R33,M1,N8,1,0.0,
R10-M0-N2-C:J02-U01,R10,M0,N2,1,0.0,
R16-M1-N6-C:J15-U01,R16,M1,N6,1,0.0,
R17-M1-N7-C:J08-U01,R17,M1,N7,1,0.0,
R12-M1-N6-C:J16-U01,R12,M1,N6,1,0.0,
R14-M0-N2-C:J15-U11,R14,M0,N2,1,0.0,
R11-M1-N2-C:J11-U11,R11,M1,N2,1,0.0,
R33-M1-N2-C:J17-U11,R33,M1,N2,1,0.0,
R33-M0-N6-C:J07-U01,R33,M0,N6,1,0.0,
R33-M0-N8-C:J07-U01,R33,M0,N8,1,0.0,
R20-M0-N5-C:J15-U01,R20,M0,N5,1,0.0,
R30-M1-NE-C:J02-U01,R30,M1,NE,1,0.0,
R35-M1-N7-C:J04-U01,R35,M1,N7,1,0.0,
R32-M1-ND-C:J11-U11,R32,M1,ND,1,0.0,
R36-M0-N5-C:J16-U11,R36,M0,N5,1,0.0,
R24-M0-N3-C:J09-U01,R24,M0,N3,1,0.0,
R35-M0-N6-C:J17-U11,R35,M0,N6,1,0.0,
R27-M1-N2-C:J03-U01,R27,M1,N2,1,0.0,
R34-M0-N9-C:J08-U01,R34,M0,N9,1,0.0,
R35-M1-N1-C:J09-U01,R35,M1,N1,1,0.0,
R23-M0-N6-C:J11-U01,R23,M0,N6,1,0.0,
R21-M0-ND-C:J07-U11,R21,M0,ND,1,0.0,
R33-M0-N2-C:J10-U01,R33,M0,N2,1,0.0,
R35-M1-N5-C:J04-U01,R35,M1,N5,1,0.0,
R25-M1-N2-C:J10-U01,R25,M1,N2,1,0.0,
R32-M0-NF-C:J17-U11,R32,M0,NF,1,0.0,
R05-M0-NF-C:J09-U11,R05,M0,NF,1,0.0,
R04-M0-N9-C:J17-U01,R04,M0,N9,1,0.0,
R04-M1-NE-C:J11-U11,R04,M1,NE,1,0.0,
R05-M0-NC-C:J04-U01,R05,M0,NC,1,0.0,
R22-M1-N9-C:J15-U01,R22,M1,N9,1,0.0,
R26-M0-NA-C:J08-U11,R26,M0,NA,1,0.0,
R23-M1-N5-C:J03-U11,R23,M1,N5,1,0.0,
R32-M1-N5-C:J16-U11,R32,M1,N5,1,0.0,
R34-M1-N0-C:J12-U01,R34,M1,N0,1,0.0,
R31-M0-N7-C:J13-U01,R31,M0,N7,1,0.0,
R21-M0-N6-C:J04-U11,R21,M0,N6,1,0.0,
R22-M1-NC-C:J13-U11,R22,M1,NC,1,0.0,
R33-M1-N7-C:J15-U01,R33,M1,N7,1,0.0,
R21-M0-ND-C:J02-U01,R21,M0,ND,1,0.0,
R25-M1-N1-C:J10-U01,R25,M1,N1,1,0.0,
R10-M1-N1-C:J09-U01,R10,M1,N1,1,0.0,
R17-M1-N4-C:J07-U11,R17,M1,N4,1,0.0,
R36-M1-NB-C:J05-U01,R36,M1,NB,1,0.0,
R34-M0-N5-C:J04-U01,R34,M0,N5,1,0.0,
R27-M1-N1-C:J02-U11,R27,M1,N1,1,0.0,
R07-M1-N7-C:J10-U11,R07,M1,N7,1,0.0,
R01-M0-N6-C:J11-U11,R01,M0,N6,1,0.0,
R01-M0-ND-C:J11-U11,R01,M0,ND,1,0.0,
R01-M1-N8-C:J06-U01,R01,M1,N8,1,0.0,
R00-M0-N4-C:J05-U11,R00,M0,N4,1,0.0,
R37-M0-NF-C:J17-U11,R37,M0,NF,1,0.0,
R24-M0-NE-C:J03-U11,R24,M0,NE,1,0.0,
R12-M1-NE-C:J04-U11,R12,M1,NE,1,0.0,
R04-M1-N7-C:J08-U11,R04,M1,N7,1,0.0,
R10-M0-NB-C:J02-U11,R10,M0,NB,1,0.0,
R05-M0-N2,R05,M0,N2,1,0.0,
R16-M1-N2-C:J15-U01,R16,M1,N2,1,0.0,
R33-M0-N9-C:J04-U11,R33,M0,N9,1,0.0,
R20-M0-N6-C:J16-U01,R20,M0,N6,1,0.0,
R22-M0-N5-C:J13-U11,R22,M0,N5,1,0.0,
R20-M0-NA-C:J12-U01,R20,M0,NA,1,0.0,
R35-M1-N7-C:J10-U01,R35,M1,N7,1,0.0,
R25-M0-N4-C:J10-U11,R25,M0,N4,1,0.0,
R25-M0-N0-C:J15-U01,R25,M0,N0,1,0.0,
R11-M1-N5-C:J12-U11,R11,M1,N5,1,0.0,
R20-M0-NE-C:J05-U01,R20,M0,NE,1,0.0,
R31-M0-NF-C:J04-U01,R31,M0,NF,1,0.0,
R27-M1-N9-C:J09-U11,R27,M1,N9,1,0.0,
R21-M1-NE-C:J11-U11,R21,M1,NE,1,0.0,
R24-M1-N1-C:J15-U11,R24,M1,N1,1,0.0,
R31-M1-N9-C:J15-U11,R31,M1,N9,1,0.0,
R24-M1-N1-C:J12-U01,R24,M1,N1,1,0.0,
R36-M0-N5-C:J15-U11,R36,M0,N5,1,0.0,
R36-M0-N2-C:J10-U01,R36,M0,N2,1,0.0,
R33-M1-N2-C:J02-U01,R33,M1,N2,1,0.0,
R20-M1-N2-C:J10-U11,R20,M1,N2,1,0.0,
R20-M1-N7-C:J09-U11,R20,M1,N7,1,0.0,
R30-M0-N6-C:J13-U11,R30,M0,N6,1,0.0,
R14-M1-ND-C:J04-U01,R14,M1,ND,1,0.0,
R03-M0-N7-C:J03-U11,R03,M0,N7,1,0.0,
R06-M1-NE-C:J04-U01,R06,M1,NE,1,0.0,
R22-M1-N0-C:J05-U11,R22,M1,N0,1,0.0,
R35-M0-N0-C:J05-U01,R35,M0,N0,1,0.0,
R10-M0-N8-C:J06-U01,R10,M0,N8,1,0.0,
R01-M0-NC-C:J04-U01,R01,M0,NC,1,0.0,
R36-M1-NA-C:J06-U01,R36,M1,NA,1,0.0,
R20-M1-N5-C:J05-U11,R20,M1,N5,1,0.0,
R21-M0-N5-C:J14-U01,R21,M0,N5,1,0.0,
R37-M0-N5-C:J08-U11,R37,M0,N5,1,0.0,
R00-M0-ND-C:J14-U11,R00,M0,ND,1,0.0,
R00-M0-N6-C:J12-U01,R00,M0,N6,1,0.0,
R16-M1-NA-C:J08-U01,R16,M1,NA,1,0.0,
R12-M0-N6-C:J05-U11,R12,M0,N6,1,0.0,
R13-M0-NB-C:J15-U11,R13,M0,NB,1,0.0,
R02-M0-N5-C:J03-U01,R02,M0,N5,1,0.0,
R21-M0-N9-C:J17-U01,R21,M0,N9,1,0.0,
R20-M1-N2-C:J07-U01,R20,M1,N2,1,0.0,
R36-M1-N4-C:J15-U11,R36,M1,N4,1,0.0,
R20-M1-N6-C:J03-U01,R20,M1,N6,1,0.0,
R36-M0-N9-C:J15-U01,R36,M0,N9,1,0.0,
R21-M1-N7-C:J07-U11,R21,M1,N7,1,0.0,
R27-M0-N1-C:J07-U11,R27,M0,N1,1,0.0,
R30-M0-NA-C:J17-U01,R30,M0,NA,1,0.0,
R23-M0-N1-C:J07-U01,R23,M0,N1,1,0.0,
R24-M0-N6-C:J07-U01,R24,M0,N6,1,0.0,
R32-M1-N3-C:J07-U11,R32,M1,N3,1,0.0,
R32-M0-N1-C:J03-U01,R32,M0,N1,1,0.0,
R17-M1-ND-C:J14-U01,R17,M1,ND,1,0.0,
R16-M0-NB-C:J04-U01,R16,M0,NB,1,0.0,
R14-M1-N7-C:J04-U01,R14,M1,N7,1,0.0,
R15-M1-N1-C:J10-U01,R15,M1,N1,1,0.0,
R00-M0-N1-C:J07-U01,R00,M0,N1,1,0.0,
R27-M0-N6-C:J05-U11,R27,M0,N6,1,0.0,
R34-M1-N4-C:J03-U11,R34,M1,N4,1,0.0,
R24-M0-N0-C:J02-U11,R24,M0,N0,1,0.0,
R06-M1-N8-C:J14-U01,R06,M1,N8,1,0.0,
R01-M1-N5-C:J04-U11,R01,M1,N5,1,0.0,
R05-M1-N2-C:J06-U01,R05,M1,N2,1,0.0,
R01-M1-NA-C:J12-U11,R01,M1,NA,1,0.0,
R37-M1-ND-C:J03-U01,R37,M1,ND,1,0.0,
R23-M1-N1-C:J06-U01,R23,M1,N1,1,0.0,
R17-M0-NF-C:J13-U11,R17,M0,NF,1,0.0,
R31-M1-N1-C:J06-U11,R31,M1,N1,1,0.0,
R23-M1-N7-C:J09-U01,R23,M1,N7,1,0.0,
R30-M0-N3-C:J08-U11,R30,M0,N3,1,0.0,
R22-M0-ND-C:J13-U11,R22,M0,ND,1,0.0,
R34-M1-N6-C:J09-U11,R34,M1,N6,1,0.0,
R27-M0-N8-C:J17-U01,R27,M0,N8,1,0.0,
R30-M0-NC-C:J10-U11,R30,M0,NC,1,0.0,
R13-M0-N0-C:J12-U01,R13,M0,N0,1,0.0,
R22-M0-ND-C:J17-U11,R22,M0,ND,1,0.0,
R21-M0-N2-C:J15-U01,R21,M0,N2,1,0.0,
R37-M0-NA-C:J10-U01,R37,M0,NA,1,0.0,
R27-M1-N7-C:J11-U01,R27,M1,N7,1,0.0,
R27-M0-N3-C:J04-U01,R27,M0,N3,1,0.0,
R31-M0-NA-C:J03-U11,R31,M0,NA,2,0.0,
R35-M0-NE-C:J03-U11,R35,M0,NE,1,0.0,
R22-M0-N8-C:J15-U01,R22,M0,N8,1,0.0,
R01-M0-N0-C:J10-U01,R01,M0,N0,1,0.0,
R01-M1-N2-C:J08-U11,R01,M1,N2,1,0.0,
R04-M1-N0-C:J05-U01,R04,M1,N0,1,0.0,
R04-M1-NB-C:J15-U01,R04,M1,NB,1,0.0,
R24-M0-N3-C:J02-U01,R24,M0,N3,1,0.0,
R26-M1-N9-C:J02-U01,R26,M1,N9,1,0.0,
R36-M0-N9-C:J11-U01,R36,M0,N9,1,0.0,
R30-M1-N9-C:J10-U01,R30,M1,N9,1,0.0,
R37-M0-N2-C:J05-U11,R37,M0,N2,1,0.0,
R32-M1-N3-C:J10-U11,R32,M1,N3,1,0.0,
R24-M1-N6-C:J05-U01,R24,M1,N6,1,0.0,
R25-M0-NA-C:J13-U11,R25,M0,NA,1,0.0,
R36-M1-N0-C:J17-U11,R36,M1,N0,1,0.0,
R30-M1-N8-C:J15-U11,R30,M1,N8,1,0.0,
R30-M0-NB-C:J09-U01,R30,M0,NB,1,0.0,
R04-M0-N1-C:J02-U01,R04,M0,N1,1,1.0,KERNRTSP
R27-M1-NB-C:J12-U11,R27,M1,NB,1,0.0,
R26-M1-N1-C:J16-U01,R26,M1,N1,1,0.0,
R34-M0-N2-C:J04-U11,R34,M0,N2,2,0.0,
R22-M1-N0-C:J10-U11,R22,M1,N0,1,0.0,
R16-M1-N1-C:J05-U01,R16,M1,N1,1,0.0,
R33-M1-NE-C:J07-U01,R33,M1,NE,1,0.0,
R24-M0-N1-C:J03-U01,R24,M0,N1,1,0.0,
R13-M0-N7-C:J09-U01,R13,M0,N7,1,0.0,
R03-M0-N7-C:J12-U01,R03,M0,N7,1,0.0,
R36-M0-N4-C:J04-U01,R36,M0,N4,1,0.0,
R22-M1-N8-C:J09-U01,R22,M1,N8,1,0.0,
R26-M0-N3-C:J08-U01,R26,M0,N3,1,0.0,
R21-M0-N2-C:J07-U01,R21,M0,N2,1,0.0,
R30-M1-N6-C:J14-U11,R30,M1,N6,1,0.0,
R20-M1-NA-C:J04-U11,R20,M1,NA,1,0.0,
R22-M1-N2-C:J08-U11,R22,M1,N2,1,0.0,
R31-M0-N1-C:J09-U01,R31,M0,N1,1,0.0,
R34-M0-N3-C:J14-U01,R34,M0,N3,1,0.0,
R30-M0-ND-C:J09-U01,R30,M0,ND,1,0.0,
R23-M1-N2-C:J02-U01,R23,M1,N2,1,0.0,
R23-M0-N2-C:J07-U01,R23,M0,N2,1,0.0,
R20-M1-N4-C:J02-U01,R20,M1,N4,1,0.0,
R22-M0-N4-C:J02-U01,R22,M0,N4,1,0.0,
R20-M1-NB-C:J15-U01,R20,M1,NB,1,0.0,
R31-M1-N5-C:J15-U11,R31,M1,N5,1,0.0,
R31-M1-N5-C:J17-U11,R31,M1,N5,1,0.0,
R23-M0-NB-C:J05-U01,R23,M0,NB,1,0.0,
R24-M0-N6-C:J15-U01,R24,M0,N6,1,0.0,
R35-M1-NE-C:J09-U11,R35,M1,NE,1,0.0,
R20-M0-N0-C:J06-U11,R20,M0,N0,1,0.0,
R05-M0-NE-C:J04-U11,R05,M0,NE,1,0.0,
R33-M1-ND-C:J05-U11,R33,M1,ND,1,0.0,
R37-M0-ND-C:J03-U11,R37,M0,ND,1,0.0,
R24-M0-NF-C:J15-U11,R24,M0,NF,1,0.0,
R20-M1-ND-C:J05-U11,R20,M1,ND,1,0.0,
R37-M0-NC-C:J17-U11,R37,M0,NC,1,0.0,
R26-M1-N8-C:J04-U01,R26,M1,N8,1,0.0,
R32-M0-N0-C:J09-U01,R32,M0,N0,1,0.0,
R32-M0-NC-C:J14-U11,R32,M0,NC,1,0.0,
R32-M0-N8-C:J09-U11,R32,M0,N8,1,0.0,
R22-M0-ND-C:J15-U01,R22,M0,ND,1,0.0,
R31-M1-N9-C:J09-U11,R31,M1,N9,1,0.0,
R33-M0-NF-C:J10-U11,R33,M0,NF,1,0.0,
R25-M1-ND-C:J10-U11,R25,M1,ND,1,0.0,
R32-M1-N1-C:J03-U11,R32,M1,N1,1,0.0,
R32-M1-N5-C:J02-U11,R32,M1,N5,1,0.0,
R35-M1-N0-C:J13-U01,R35,M1,N0,1,0.0,
R37-M1-N8-C:J08-U11,R37,M1,N8,1,0.0,
R37-M0-N1-C:J12-U01,R37,M0,N1,1,0.0,
R21-M1-N2-C:J02-U01,R21,M1,N2,1,0.0,
R36-M1-N9-C:J17-U01,R36,M1,N9,1,0.0,
R33-M0-N2-C:J15-U11,R33,M0,N2,1,0.0,
R33-M0-NA-C:J05-U11,R33,M0,NA,2,0.0,
R37-M0-N2-C:J09-U01,R37,M0,N2,1,0.0,
R01-M0-N0-I:J18-U11,R01,M0,N0,1,0.0,
R00-M0-NA-C:J04-U01,R00,M0,NA,1,0.0,
R00-M0-N9-C:J14-U01,R00,M0,N9,1,0.0,
R36-M1-ND-C:J04-U11,R36,M1,ND,1,0.0,
R36-M1-N2-C:J05-U11,R36,M1,N2,1,0.0,
R36-M0-NE-C:J05-U11,R36,M0,NE,1,0.0,
R34-M0-N5-C:J03-U11,R34,M0,N5,1,0.0,
R33-M0-NF-C:J11-U01,R33,M0,NF,1,0.0,
R31-M1-NB-C:J05-U11,R31,M1,NB,1,0.0,
R21-M0-N7-C:J14-U01,R21,M0,N7,1,0.0,
R36-M1-NF-C:J02-U01,R36,M1,NF,1,0.0,
R37-M0-N3-C:J13-U01,R37,M0,N3,1,0.0,
R24-M0-N2-C:J15-U01,R24,M0,N2,1,0.0,
R20-M0-N5-C:J03-U01,R20,M0,N5,1,0.0,
R27-M0-NB-C:J16-U01,R27,M0,NB,1,0.0,
R34-M0-N7-C:J13-U01,R34,M0,N7,1,0.0,
R37-M0-N5-C:J02-U11,R37,M0,N5,1,0.0,
R10-M0-N2-C:J03-U01,R10,M0,N2,1,0.0,
R12-M1-N7-C:J08-U11,R12,M1,N7,1,0.0,
R15-M0-NF-C:J11-U01,R15,M0,NF,1,0.0,
R13-M0-NE-C:J14-U11,R13,M0,NE,1,0.0,
R11-M1-NA-C:J11-U01,R11,M1,NA,1,0.0,
R06-M1-N7-C:J06-U11,R06,M1,N7,1,0.0,
R02-M1-NA-C:J05-U11,R02,M1,NA,1,0.0,
R07-M1-NA-C:J03-U11,R07,M1,NA,1,0.0,
R02-M0-NA-C:J16-U11,R02,M0,NA,1,0.0,
R36-M1-N1-C:J08-U01,R36,M1,N1,1,0.0,
R22-M0-N7-C:J17-U01,R22,M0,N7,1,0.0,
R33-M1-ND-C:J10-U01,R33,M1,ND,1,0.0,
R21-M1-NA-C:J05-U11,R21,M1,NA,1,0.0,
R31-M1-N3-C:J05-U01,R31,M1,N3,1,0.0,
R25-M1-NB-C:J11-U01,R25,M1,NB,1,0.0,
R13-M1-ND-C:J13-U11,R13,M1,ND,1,0.0,
R16-M1-NB-C:J07-U11,R16,M1,NB,1,0.0,
R10-M1-N6-C:J13-U11,R10,M1,N6,1,0.0,
R17-M1-N9-C:J09-U01,R17,M1,N9,1,0.0,
R07-M1-N1-C:J10-U01,R07,M1,N1,1,0.0,
R01-M0-ND-C:J16-U01,R01,M0,ND,1,0.0,
R04-M1-NB-C:J13-U11,R04,M1,NB,1,0.0,
R06-M0-N9-C:J06-U01,R06,M0,N9,1,0.0,
R21-M0-N4-C:J13-U01,R21,M0,N4,1,0.0,
R10-M0-NC-C:J09-U11,R10,M0,NC,1,0.0,
R14-M1-N0-C:J09-U11,R14,M1,N0,1,0.0,
R00-M1-N0-C:J08-U11,R00,M1,N0,1,0.0,
R17-M1-N4-C:J14-U01,R17,M1,N4,1,0.0,
R37-M1-NE-C:J02-U11,R37,M1,NE,1,0.0,
R21-M1-N2-C:J07-U01,R21,M1,N2,1,0.0,
R22-M0-N2-C:J12-U11,R22,M0,N2,1,0.0,
R30-M1-NE-C:J02-U11,R30,M1,NE,1,0.0,
R23-M0-N2-C:J15-U01,R23,M0,N2,1,0.0,
R36-M1-N8-C:J06-U01,R36,M1,N8,1,0.0,
R26-M0-NC-C:J07-U11,R26,M0,NC,1,0.0,
R27-M0-N0-C:J12-U11,R27,M0,N0,1,0.0,
R02-M1-N5-C:J17-U01,R02,M1,N5,1,0.0,
R33-M1-N3-C:J02-U01,R33,M1,N3,1,0.0,
R30-M1-N9-C:J14-U11,R30,M1,N9,1,0.0,
R35-M1-N5-C:J08-U11,R35,M1,N5,1,0.0,
R16-M0-N3-C:J11-U01,R16,M0,N3,1,0.0,
R15-M0-N2-C:J04-U11,R15,M0,N2,1,0.0,
R04-M1-N1-C:J12-U01,R04,M1,N1,1,0.0,
R02-M0-NF-C:J10-U11,R02,M0,NF,1,0.0,
R35-M1-N4-C:J17-U01,R35,M1,N4,1,0.0,
R05-M1-NC-C:J14-U11,R05,M1,NC,1,0.0,
R14-M0-N8-C:J13-U11,R14,M0,N8,1,0.0,
R11-M1-N0-C:J08-U01,R11,M1,N0,1,0.0,
R11-M1-NE-C:J09-U01,R11,M1,NE,1,0.0,
R32-M0-N3-C:J08-U11,R32,M0,N3,1,0.0,
R36-M0-N7-C:J08-U01,R36,M0,N7,1,0.0,
R32-M0-N5-C:J10-U11,R32,M0,N5,1,0.0,
R36-M0-NE-C:J17-U01,R36,M0,NE,1,0.0,
R16-M0-N8-C:J09-U01,R16,M0,N8,1,0.0,
R10-M1-ND-C:J11-U01,R10,M1,ND,1,0.0,
R17-M0-N7-C:J11-U01,R17,M0,N7,1,0.0,
R14-M0-ND-C:J11-U11,R14,M0,ND,1,0.0,
R26-M1-N0-C:J05-U11,R26,M1,N0,1,0.0,
R30-M0-N8-C:J12-U11,R30,M0,N8,1,0.0,
R05-M1-N5-C:J14-U11,R05,M1,N5,1,0.0,
R01-M1-N8-C:J13-U11,R01,M1,N8,1,0.0,
R13-M1-NF-C:J12-U01,R13,M1,NF,1,0.0,
R10-M0-NC-C:J15-U11,R10,M0,NC,1,0.0,
R33-M1-N5-C:J13-U11,R33,M1,N5,1,0.0,
R24-M1-N2-C:J02-U01,R24,M1,N2,1,0.0,
R33-M0-NB-C:J10-U01,R33,M0,NB,1,0.0,
R24-M1-ND-C:J09-U11,R24,M1,ND,1,0.0,
R33-M1-N1-C:J09-U01,R33,M1,N1,1,0.0,
R17-M1-NF-C:J10-U11,R17,M1,NF,1,0.0,
R13-M1-N2-C:J06-U11,R13,M1,N2,1,0.0,
R14-M1-N4-C:J04-U01,R14,M1,N4,1,0.0,
R13-M1-N4-C:J04-U11,R13,M1,N4,1,0.0,
R12-M0-NC-C:J05-U01,R12,M0,NC,1,0.0,
R16-M0-N0-C:J10-U01,R16,M0,N0,1,0.0,
R12-M1-N6-C:J06-U11,R12,M1,N6,1,0.0,
R17-M0-N4-C:J06-U11,R17,M0,N4,1,0.0,
R10-M1-NE-C:J05-U01,R10,M1,NE,1,0.0,
R11-M1-NE-C:J10-U11,R11,M1,NE,1,0.0,
R15-M0-NE-C:J07-U01,R15,M0,NE,1,0.0,
R11-M1-NF-C:J07-U01,R11,M1,NF,2,0.0,
R16-M1-N0-C:J10-U01,R16,M1,N0,1,0.0,
R17-M0-N4-C:J12-U11,R17,M0,N4,1,0.0,
R14-M1-ND-C:J17-U01,R14,M1,ND,1,0.0,
R14-M0-NF-C:J09-U01,R14,M0,NF,1,0.0,
R16-M1-NE-C:J10-U11,R16,M1,NE,1,0.0,
R13-M0-NB-C:J03-U11,R13,M0,NB,1,0.0,
R13-M1-NC-C:J04-U01,R13,M1,NC,1,0.0,
R17-M0-NF-C:J09-U01,R17,M0,NF,1,0.0,
R11-M1-N9-C:J07-U11,R11,M1,N9,1,0.0,
R13-M0-N2-C:J02-U01,R13,M0,N2,1,0.0,
R16-M1-NA-C:J09-U11,R16,M1,NA,1,0.0,
R14-M0-N1-C:J12-U11,R14,M0,N1,1,0.0,
R31-M0-NB-C:J17-U11,R31,M0,NB,1,0.0,
R34-M1-N9-C:J17-U01,R34,M1,N9,1,0.0,
R10-M0-N2-C:J10-U11,R10,M0,N2,1,0.0,
R00-M0-N2-C:J06-U01,R00,M0,N2,1,0.0,
R05-M1-N0-C:J12-U01,R05,M1,N0,1,0.0,
R06-M0-N7-C:J07-U01,R06,M0,N7,1,0.0,
R06-M0-N5-C:J15-U11,R06,M0,N5,1,0.0,
R04-M0-N6-C:J09-U01,R04,M0,N6,1,0.0,
R23-M1-N7-C:J10-U01,R23,M1,N7,1,0.0,
R21-M0-N1-C:J05-U01,R21,M0,N1,1,0.0,
R27-M1-NA-C:J02-U11,R27,M1,NA,1,0.0,
R34-M0-N7-C:J15-U01,R34,M0,N7,1,0.0,
R20-M0-NB-C:J02-U11,R20,M0,NB,1,0.0,
R35-M1-N7-C:J02-U01,R35,M1,N7,1,0.0,
R13-M1-NE-C:J10-U01,R13,M1,NE,1,0.0,
R17-M1-NB-C:J09-U11,R17,M1,NB,1,0.0,
R16-M0-ND-C:J17-U01,R16,M0,ND,1,0.0,
R11-M0-N5-C:J14-U01,R11,M0,N5,1,0.0,
R14-M0-N9-C:J04-U11,R14,M0,N9,1,0.0,
R07-M1-N6-C:J14-U11,R07,M1,N6,1,0.0,
R31-M0-NB-C:J12-U11,R31,M0,NB,1,0.0,
R36-M0-NA-C:J13-U01,R36,M0,NA,1,0.0,
R23-M0-N7,R23,M0,N7,2,0.0,
R00-M0-ND,R00,M0,ND,1,0.0,
R71-M0-NC,R71,M0,NC,1,0.0,
R76-M1-N4,R76,M1,N4,1,0.0,
R40-M1-N5,R40,M1,N5,1,0.0,
R70-M0-N0,R70,M0,N0,1,0.0,
R74-M0-N1,R74,M0,N1,1,0.0,
R23-M0-N0-C:J10-U01,R23,M0,N0,1,0.0,
R14-M1-N0-C:J07-U11,R14,M1,N0,2,0.0,
R47-M0-N4-C:J07-U01,R47,M0,N4,2,0.0,
R35-M0-N6-C:J13-U01,R35,M0,N6,1,0.0,
R44-M0-N8-I:J18-U01,R44,M0,N8,1,0.0,
R57-M1-N0-I:J18-U01,R57,M1,N0,1,0.0,
R55-M1-N0-I:J18-U11,R55,M1,N0,1,0.0,
R15-M0-NC-I:J18-U11,R15,M0,NC,3,0.0,
R01-M0-NC-I:J18-U11,R01,M0,NC,1,0.0,
R74-M1-N8-I:J18-U01,R74,M1,N8,1,0.0,
R27-M1-NC-I:J18-U11,R27,M1,NC,1,0.0,
R61-M1-NC-I:J18-U01,R61,M1,NC,1,0.0,
R60-M1-NC-I:J18-U01,R60,M1,NC,1,0.0,
R21-M0-N8-I:J18-U11,R21,M0,N8,1,1.0,APPSEV
R40-M1-N0-I:J18-U11,R40,M1,N0,1,0.0,
R71-M0-NA-C:J12-U11,R71,M0,NA,1,1.0,KERNTERM
R06-M0-NB-C:J16-U01,R06,M0,NB,2,0.0,
R30-M0-N0-I:J18-U01,R30,M0,N0,1,0.0,
R71-M1-N8-I:J18-U01,R71,M1,N8,1,0.0,
R02-M0-N4-I:J18-U11,R02,M0,N4,1,0.0,
R44-M1-N4-I:J18-U11,R44,M1,N4,1,0.0,
R65-M0-NC-I:J18-U01,R65,M0,NC,1,0.0,
R30-M1-NC-C:J02-U01,R30,M1,NC,1,0.0,
R24-M1-N4-I:J18-U11,R24,M1,N4,1,0.0,
R34-M1-N8-I:J18-U01,R34,M1,N8,3,0.0,
R16-M0-N4-I:J18-U11,R16,M0,N4,1,0.0,
R04-M1-N8-I:J18-U11,R04,M1,N8,1,0.0,
R50-M1-N0-I:J18-U11,R50,M1,N0,1,0.0,
R14-M0-N0-I:J18-U11,R14,M0,N0,1,0.0,
R06-M0-N0-I:J18-U01,R06,M0,N0,1,0.0,
R62-M1-N3-C:J04-U01,R62,M1,N3,1,0.0,
R63-M1-NF-C:J03-U11,R63,M1,NF,1,0.0,
R62-M1-NA-C:J14-U01,R62,M1,NA,1,0.0,
R63-M1-N6-C:J17-U01,R63,M1,N6,1,0.0,
R62-M1-N6-C:J06-U11,R62,M1,N6,1,0.0,
R63-M1-NB-C:J09-U01,R63,M1,NB,1,0.0,
R61-M0-N8-C:J05-U01,R61,M0,N8,1,0.0,
R65-M1-N9-C:J16-U11,R65,M1,N9,1,0.0,
R61-M0-N3-C:J11-U11,R61,M0,N3,2,0.0,
R66-M1-NC-C:J14-U11,R66,M1,NC,1,0.0,
R67-M1-N3-C:J16-U01,R67,M1,N3,1,0.0,
R66-M1-N4-C:J06-U01,R66,M1,N4,1,0.0,
R76-M0-N1-C:J02-U11,R76,M0,N1,1,0.0,
R67-M1-N8-C:J02-U11,R67,M1,N8,1,0.0,
R67-M1-N1-C:J03-U11,R67,M1,N1,1,0.0,
R74-M0-ND-C:J09-U11,R74,M0,ND,1,0.0,
R65-M0-N3-C:J04-U01,R65,M0,N3,1,0.0,
R66-M1-ND-C:J09-U11,R66,M1,ND,1,0.0,
R67-M0-NB-C:J12-U11,R67,M0,NB,1,0.0,
R66-M0-N9-C:J10-U01,R66,M0,N9,1,0.0,
R77-M0-N8-C:J09-U01,R77,M0,N8,1,0.0,
R60-M0-NF-C:J10-U11,R60,M0,NF,1,0.0,
R67-M1-N1-C:J05-U11,R67,M1,N1,1,0.0,
R65-M1-NC-C:J09-U01,R65,M1,NC,1,0.0,
R64-M0-N1-C:J02-U01,R64,M0,N1,1,0.0,
R74-M1-N0-C:J12-U01,R74,M1,N0,3,0.0,
R72-M1-NA-C:J04-U11,R72,M1,NA,1,0.0,
R70-M0-NF-C:J06-U01,R70,M0,NF,1,0.0,
R41-M0-N2-C:J10-U01,R41,M0,N2,1,0.0,
R55-M0-N2-C:J08-U01,R55,M0,N2,1,0.0,
R44-M0-NF-C:J13-U11,R44,M0,NF,1,0.0,
R44-M0-NE-C:J10-U01,R44,M0,NE,1,0.0,
R40-M0-N1-C:J10-U01,R40,M0,N1,1,0.0,
R45-M0-NA-C:J04-U11,R45,M0,NA,1,0.0,
R50-M1-N1-C:J05-U11,R50,M1,N1,1,0.0,
R41-M1-N3-C:J15-U11,R41,M1,N3,1,0.0,
R54-M1-ND-C:J08-U11,R54,M1,ND,1,0.0,
R45-M1-ND-C:J16-U11,R45,M1,ND,1,0.0,
R40-M0-N1-C:J16-U01,R40,M0,N1,1,0.0,
R56-M1-N9-C:J14-U01,R56,M1,N9,1,0.0,
R51-M0-N6-C:J15-U01,R51,M0,N6,1,0.0,
R43-M1-NE-C:J16-U01,R43,M1,NE,1,0.0,
R44-M1-NB-C:J13-U01,R44,M1,NB,1,0.0,
R54-M0-NC-I:J18-U01,R54,M0,NC,1,0.0,
R05-M0-NC-I:J18-U11,R05,M0,NC,1,0.0,
R30-M0-N7-C:J09-U01,R30,M0,N7,1,0.0,
R25-M1-N4-I:J18-U01,R25,M1,N4,1,1.0,KERNMNTF
R14-M1-N7-C:J10-U01,R14,M1,N7,1,0.0,
R24-M1-NC-I:J18-U01,R24,M1,NC,1,1.0,KERNMNTF
R75-M0-N8-C:J10-U01,R75,M0,N8,1,0.0,
R62-M1-NC-I:J18-U11,R62,M1,NC,1,0.0,
R13-M0-N2-C:J09-U01,R13,M0,N2,1,0.0,
R50-M0-NF-C:J10-U01,R50,M0,NF,1,0.0,
R16-M0-NC-I:J18-U01,R16,M0,NC,2,0.0,
R43-M0-N8-I:J18-U11,R43,M0,N8,1,1.0,APPSEV
R20-M1-N8-C:J13-U11,R20,M1,N8,1,0.0,
R41-M1-N4-I:J18-U11,R41,M1,N4,1,1.0,APPSEV
R63-M1-NC-C:J06-U01,R63,M1,NC,2,0.0,
R71-M1-N8-C:J17-U11,R71,M1,N8,1,0.0,
R01-M0-NC-I:J18-U01,R01,M0,NC,1,0.0,
R77-M0-NC-I:J18-U11,R77,M0,NC,1,0.0,
R32-M1-N0-I:J18-U01,R32,M1,N0,1,0.0,
R05-M0-NA,R05,M0,NA,1,0.0,
R72-M0-N8-I:J18-U01,R72,M0,N8,1,0.0,
R05-M0-N1-C:J06-U11,R05,M0,N1,1,0.0,
R73-M1-NC-I:J18-U11,R73,M1,NC,1,0.0,
R62-M1-N8-I:J18-U01,R62,M1,N8,2,0.0,
R23-M0-N5-C:J12-U01,R23,M0,N5,1,0.0,
R07-M0-ND-C:J16-U01,R07,M0,ND,1,0.0,
R66-M1-N1-C:J09-U11,R66,M1,N1,1,0.0,
R64-M0-NB-C:J14-U01,R64,M0,NB,1,0.0,
R27-M0-NC-I:J18-U11,R27,M0,NC,1,1.0,APPSEV
R34-M0-N8-I:J18-U11,R34,M0,N8,1,0.0,
R07-M0-N0-C:J09-U01,R07,M0,N0,1,0.0,
R23-M0-N8-C:J15-U11,R23,M0,N8,3,0.0,
R53-M1-ND-C:J09-U11,R53,M1,ND,1,0.0,
R60-M1-N5-C:J09-U11,R60,M1,N5,1,0.0,
R42-M1-ND-C:J07-U11,R42,M1,ND,1,0.0,
R53-M1-NB-C:J13-U01,R53,M1,NB,1,0.0,
R05-M0-N8-I:J18-U11,R05,M0,N8,1,1.0,APPSEV
R73-M1-NC-I:J18-U01,R73,M1,NC,1,0.0,
R06-M1-NA-C:J08-U11,R06,M1,NA,1,0.0,
R53-M1-N0-C:J04-U11,R53,M1,N0,1,0.0,
R57-M1-NE-C:J12-U01,R57,M1,NE,1,0.0,
R24-M0-N4-I:J18-U01,R24,M0,N4,1,0.0,
R71-M1-N0-I:J18-U01,R71,M1,N0,1,1.0,APPSEV
R01-M1-NC-I:J18-U01,R01,M1,NC,2,0.0,
R07-M1-N0-C:J17-U01,R07,M1,N0,1,0.0,
R46-M0-NC-I:J18-U11,R46,M0,NC,1,0.0,
R11-M1-N2-C:J09-U11,R11,M1,N2,1,0.0,
R65-M1-NA-C:J14-U01,R65,M1,NA,2,0.0,
R26-M0-N4-I:J18-U11,R26,M0,N4,1,0.0,
R10-M0-N3-C:J07-U01,R10,M0,N3,1,0.0,
R20-M1-NF-C:J10-U01,R20,M1,NF,1,0.0,
R54-M1-N8-I:J18-U01,R54,M1,N8,1,0.0,
R06-M0-NC-I:J18-U11,R06,M0,NC,1,0.0,
R61-M0-NC-C:J03-U11,R61,M0,NC,1,0.0,
R60-M1-N3-C:J11-U01,R60,M1,N3,1,0.0,
R61-M0-N1-C:J05-U11,R61,M0,N1,1,0.0,
R64-M1-N5-C:J10-U11,R64,M1,N5,1,0.0,
R66-M0-N5-C:J04-U11,R66,M0,N5,1,0.0,
R66-M0-N8-C:J11-U01,R66,M0,N8,1,0.0,
R65-M0-N4-C:J11-U11,R65,M0,N4,1,0.0,
R67-M0-N8-C:J02-U01,R67,M0,N8,1,0.0,
R67-M0-NC-C:J16-U01,R67,M0,NC,1,0.0,
R66-M0-NC-C:J13-U01,R66,M0,NC,1,0.0,
R67-M1-ND-C:J10-U11,R67,M1,ND,1,0.0,
R66-M1-N5-C:J14-U11,R66,M1,N5,1,0.0,
R66-M0-N0-C:J07-U01,R66,M0,N0,1,0.0,
R66-M1-N9-C:J03-U11,R66,M1,N9,1,0.0,
R66-M1-N0-C:J17-U01,R66,M1,N0,1,0.0,
R67-M1-N8-C:J16-U01,R67,M1,N8,1,0.0,
R66-M0-N4-C:J16-U01,R66,M0,N4,1,0.0,
R67-M0-N2-C:J07-U11,R67,M0,N2,1,0.0,
R67-M1-N8-C:J10-U11,R67,M1,N8,1,0.0,
R67-M1-N0-C:J09-U11,R67,M1,N0,1,0.0,
R67-M1-NA-C:J13-U01,R67,M1,NA,1,0.0,
R67-M1-NA-C:J03-U11,R67,M1,NA,2,0.0,
R67-M0-N6-C:J04-U01,R67,M0,N6,1,0.0,
R66-M0-N7-C:J08-U01,R66,M0,N7,1,0.0,
R67-M0-N6-C:J03-U11,R67,M0,N6,1,0.0,
R67-M0-N4-C:J10-U01,R67,M0,N4,1,0.0,
R67-M0-N0-C:J08-U11,R67,M0,N0,1,0.0,
R67-M1-N8-C:J09-U11,R67,M1,N8,1,0.0,
R60-M0-NA-C:J13-U01,R60,M0,NA,1,0.0,
R65-M1-N4-C:J10-U01,R65,M1,N4,1,0.0,
R60-M0-N1-C:J04-U01,R60,M0,N1,1,0.0,
R62-M0-N3-C:J14-U01,R62,M0,N3,1,0.0,
R42-M0-N0-C:J14-U01,R42,M0,N0,1,0.0,
R41-M0-N9-C:J16-U11,R41,M0,N9,1,0.0,
R41-M0-N5-C:J06-U01,R41,M0,N5,1,0.0,
R12-M0-NB-C:J13-U01,R12,M0,NB,1,0.0,
R36-M1-N2-C:J08-U11,R36,M1,N2,1,0.0,
R35-M1-NF-C:J13-U01,R35,M1,NF,1,0.0,
R62-M0-N1-C:J08-U11,R62,M0,N1,1,0.0,
R62-M0-N6-C:J03-U01,R62,M0,N6,1,0.0,
R62-M0-N4-C:J12-U11,R62,M0,N4,1,0.0,
R62-M0-NE-C:J15-U01,R62,M0,NE,1,0.0,
R62-M0-N2-C:J11-U11,R62,M0,N2,1,0.0,
R62-M0-N1-C:J02-U01,R62,M0,N1,1,0.0,
R62-M0-ND-C:J09-U01,R62,M0,ND,1,0.0,
R62-M0-NA-C:J15-U11,R62,M0,NA,1,0.0,
R62-M0-N2-C:J14-U01,R62,M0,N2,1,0.0,
R62-M0-N6-C:J16-U01,R62,M0,N6,1,0.0,
R62-M0-N2-C:J07-U01,R62,M0,N2,1,0.0,
R62-M0-NC-C:J04-U01,R62,M0,NC,1,0.0,
R62-M0-N9-C:J08-U11,R62,M0,N9,2,0.0,
R62-M0-N1-C:J10-U01,R62,M0,N1,2,0.0,
R62-M0-NF-C:J03-U01,R62,M0,NF,1,0.0,
R62-M0-N9-C:J10-U11,R62,M0,N9,1,0.0,
R62-M0-N8-C:J14-U01,R62,M0,N8,1,0.0,
R62-M0-ND-C:J12-U11,R62,M0,ND,1,0.0,
R62-M0-N7-C:J05-U11,R62,M0,N7,1,0.0,
R62-M0-N0-C:J13-U11,R62,M0,N0,1,0.0,
R62-M0-N4-C:J16-U11,R62,M0,N4,1,0.0,
R62-M0-NE-C:J13-U01,R62,M0,NE,1,0.0,
R62-M0-NE-C:J02-U11,R62,M0,NE,1,0.0,
R62-M0-N4-C:J03-U01,R62,M0,N4,1,0.0,
R62-M0-N4-C:J14-U01,R62,M0,N4,1,0.0,
R62-M0-N0-C:J17-U01,R62,M0,N0,1,0.0,
R62-M0-N0-C:J16-U01,R62,M0,N0,1,0.0,
R62-M0-N7-C:J06-U01,R62,M0,N7,1,0.0,
R62-M0-N6-C:J16-U11,R62,M0,N6,1,0.0,
R62-M0-NC-C:J15-U11,R62,M0,NC,1,0.0,
R63-M0-N8-C:J03-U11,R63,M0,N8,1,0.0,
R63-M0-NB-C:J05-U11,R63,M0,NB,1,0.0,
R63-M0-N3-C:J16-U11,R63,M0,N3,1,0.0,
R62-M0-N1-C:J04-U01,R62,M0,N1,1,0.0,
R60-M1-N0-I:J18-U01,R60,M1,N0,1,0.0,
R62-M0-NC-C:J16-U01,R62,M0,NC,1,0.0,
R62-M0-N0-C:J04-U11,R62,M0,N0,1,0.0,
R63-M0-NF-C:J05-U01,R63,M0,NF,1,0.0,
R63-M0-N1-C:J05-U11,R63,M0,N1,1,0.0,
R63-M0-NF-C:J08-U11,R63,M0,NF,1,0.0,
R45-M1-NA-C:J11-U01,R45,M1,NA,1,0.0,
R63-M0-N3-C:J02-U11,R63,M0,N3,3,0.0,
R11-M1-N4-C:J03-U01,R11,M1,N4,1,0.0,
R50-M0-N4-I:J18-U01,R50,M0,N4,1,0.0,
R60-M0-N0-I:J18-U01,R60,M0,N0,1,0.0,
R63-M0-N6-C:J15-U01,R63,M0,N6,1,0.0,
R63-M0-N9-C:J10-U01,R63,M0,N9,1,0.0,
R74-M0-N1-C:J05-U01,R74,M0,N1,2,0.0,
R27-M0-N0-I:J18-U11,R27,M0,N0,1,0.0,
R62-M0-N2-C:J13-U11,R62,M0,N2,1,0.0,
R62-M0-NA-C:J04-U11,R62,M0,NA,1,0.0,
R62-M0-NA-C:J09-U01,R62,M0,NA,1,0.0,
R62-M0-NE-C:J03-U11,R62,M0,NE,1,0.0,
R62-M0-N4-C:J11-U11,R62,M0,N4,1,0.0,
R62-M0-NC-C:J14-U01,R62,M0,NC,1,0.0,
R62-M0-NE-C:J09-U01,R62,M0,NE,1,0.0,
R62-M0-N2-C:J05-U11,R62,M0,N2,1,0.0,
R62-M0-ND-C:J03-U11,R62,M0,ND,1,0.0,
R62-M0-N4-C:J14-U11,R62,M0,N4,1,0.0,
R62-M0-ND-C:J05-U01,R62,M0,ND,1,0.0,
R63-M0-NB-C:J06-U11,R63,M0,NB,1,0.0,
R63-M0-N6-C:J13-U01,R63,M0,N6,2,0.0,
R62-M0-N4-C:J13-U01,R62,M0,N4,1,0.0,
R62-M0-N1-C:J04-U11,R62,M0,N1,1,0.0,
R63-M0-N0-C:J03-U11,R63,M0,N0,1,0.0,
R51-M1-N4-C:J07-U01,R51,M1,N4,1,0.0,
R45-M1-NA-C:J10-U01,R45,M1,NA,1,0.0,
R65-M0-N2-C:J05-U11,R65,M0,N2,1,0.0,
R21-M1-N3-C:J03-U11,R21,M1,N3,1,0.0,
R63-M0-N6-C:J12-U11,R63,M0,N6,1,1.0,KERNTERM
R63-M0-NF-C:J06-U01,R63,M0,NF,1,0.0,
R63-M0-N3-C:J14-U11,R63,M0,N3,1,0.0,
R46-M1-NE-C:J14-U11,R46,M1,NE,1,1.0,KERNTERM
R46-M1-NF-C:J11-U01,R46,M1,NF,1,1.0,KERNREC
R46-M1-N1-C:J02-U01,R46,M1,N1,1,1.0,KERNREC
R05-M0-NC-C:J04-U11,R05,M0,NC,1,0.0,
R17-M1-N0-I:J18-U01,R17,M1,N0,1,0.0,
R34-M1-N4-I:J18-U01,R34,M1,N4,1,0.0,
R57-M0-NA-C:J13-U11,R57,M0,NA,1,1.0,KERNTERM
R57-M0-N8-C:J12-U01,R57,M0,N8,1,1.0,KERNREC
R64-M1-N4-I:J18-U01,R64,M1,N4,1,0.0,
R02-M1-NC-I:J18-U01,R02,M1,NC,1,0.0,
R63-M1-N4-I:J18-U01,R63,M1,N4,1,0.0,
R25-M0-N2-C:J11-U11,R25,M0,N2,1,0.0,
R55-M1-N8-I:J18-U11,R55,M1,N8,1,0.0,
R10-M1-N0-I:J18-U11,R10,M1,N0,1,0.0,
R26-M0-N0-I:J18-U11,R26,M0,N0,7,0.0,
R22-M0-N0-I:J18-U01,R22,M0,N0,1,1.0,APPRES
R66-M1-N8-I:J18-U01,R66,M1,N8,1,1.0,APPRES
R03-M1-NF-C:J07-U01,R03,M1,NF,2,0.0,
R14-M0-N8-I:J18-U01,R14,M0,N8,1,1.0,APPSEV
R54-M0-N0-I:J18-U01,R54,M0,N0,1,1.0,APPSEV
R33-M1-N4-I:J18-U11,R33,M1,N4,1,1.0,APPSEV
R15-M0-N0-I:J18-U11,R15,M0,N0,1,0.0,
R21-M0-N8-I:J18-U01,R21,M0,N8,1,0.0,
R11-M1-ND-C:J08-U01,R11,M1,ND,1,0.0,
R11-M1-NA-C:J13-U01,R11,M1,NA,1,0.0,
R06-M0-N3-C:J13-U11,R06,M0,N3,1,0.0,
R10-M0-N7-C:J08-U11,R10,M0,N7,1,0.0,
R06-M0-N7-C:J05-U01,R06,M0,N7,1,0.0,
R07-M1-N0-C:J07-U01,R07,M1,N0,1,0.0,
R13-M0-NA-C:J08-U01,R13,M0,NA,1,0.0,
R55-M1-N5-C:J04-U01,R55,M1,N5,1,0.0,
R33-M1-N7-C:J12-U01,R33,M1,N7,1,0.0,
R37-M0-N3-C:J11-U11,R37,M0,N3,1,0.0,
R56-M0-N1-C:J05-U11,R56,M0,N1,1,0.0,
R50-M0-N9-C:J11-U01,R50,M0,N9,1,0.0,
R56-M0-N9-C:J08-U01,R56,M0,N9,1,0.0,
R57-M1-N0-C:J02-U01,R57,M1,N0,1,0.0,
R32-M1-NC-C:J16-U11,R32,M1,NC,1,0.0,
R52-M0-N5-C:J10-U01,R52,M0,N5,1,0.0,
R52-M0-N1-C:J10-U11,R52,M0,N1,1,0.0,
R75-M0-N4-C:J12-U01,R75,M0,N4,1,0.0,
R53-M0-N1-C:J11-U11,R53,M0,N1,1,0.0,
R76-M1-NC-C:J16-U01,R76,M1,NC,1,0.0,
R66-M0-NB-C:J17-U11,R66,M0,NB,1,0.0,
R41-M0-NB-C:J05-U11,R41,M0,NB,1,0.0,
R44-M0-N3-C:J06-U01,R44,M0,N3,1,0.0,
R64-M0-N2-C:J16-U01,R64,M0,N2,1,0.0,
R45-M0-N4-C:J13-U01,R45,M0,N4,1,0.0,
R27-M1-N9-C:J09-U01,R27,M1,N9,1,0.0,
R27-M1-NA-C:J05-U11,R27,M1,NA,1,0.0,
R26-M1-NF-C:J09-U01,R26,M1,NF,1,0.0,
R45-M1-N8-C:J14-U11,R45,M1,N8,1,0.0,
R25-M0-N4-C:J13-U01,R25,M0,N4,1,0.0,
R23-M1-NF-C:J15-U01,R23,M1,NF,1,0.0,
R20-M1-N5-C:J04-U01,R20,M1,N5,1,0.0,
R14-M1-NA-C:J11-U11,R14,M1,NA,1,0.0,
R06-M0-N2-C:J09-U01,R06,M0,N2,1,0.0,
R15-M0-N3-C:J09-U11,R15,M0,N3,1,0.0,
R04-M0-N6-C:J10-U01,R04,M0,N6,1,0.0,
R14-M1-N1-C:J10-U01,R14,M1,N1,1,0.0,
R00-M0-N4-C:J09-U11,R00,M0,N4,1,0.0,
R00-M0-N0-C:J10-U01,R00,M0,N0,1,0.0,
R36-M1-NA-C:J05-U11,R36,M1,NA,1,0.0,
R53-M1-N9-C:J11-U11,R53,M1,N9,1,0.0,
R52-M0-N5-C:J04-U01,R52,M0,N5,1,0.0,
R77-M1-N7-C:J08-U11,R77,M1,N7,1,0.0,
R71-M1-N3-C:J08-U01,R71,M1,N3,1,0.0,
R53-M1-N8-C:J08-U11,R53,M1,N8,1,0.0,
R71-M0-NF-C:J11-U11,R71,M0,NF,1,0.0,
R74-M1-NB-C:J09-U01,R74,M1,NB,1,0.0,
R60-M0-N4-C:J05-U11,R60,M0,N4,1,0.0,
R66-M0-NC-C:J04-U11,R66,M0,NC,1,0.0,
R44-M0-N3-C:J05-U01,R44,M0,N3,1,0.0,
R40-M1-NE-C:J10-U11,R40,M1,NE,1,0.0,
R43-M0-N2-C:J09-U01,R43,M0,N2,1,0.0,
R44-M1-NC-C:J03-U01,R44,M1,NC,1,0.0,
R45-M1-NC-C:J07-U01,R45,M1,NC,1,0.0,
R23-M0-ND-C:J11-U11,R23,M0,ND,1,0.0,
R22-M0-N5-C:J06-U11,R22,M0,N5,1,0.0,
R23-M0-N2-C:J09-U11,R23,M0,N2,1,0.0,
R24-M0-N9-C:J10-U11,R24,M0,N9,1,0.0,
R00-M0-NA-C:J14-U11,R00,M0,NA,1,0.0,
R47-M1-N4-C:J17-U11,R47,M1,N4,1,0.0,
R20-M1-NB-C:J09-U01,R20,M1,NB,1,0.0,
R56-M0-NA-C:J15-U11,R56,M0,NA,1,0.0,
R60-M0-N2-C:J12-U11,R60,M0,N2,1,0.0,
R35-M1-N9-C:J14-U01,R35,M1,N9,1,0.0,
R23-M0-NC-C:J05-U01,R23,M0,NC,2,0.0,
R06-M1-N6-C:J08-U01,R06,M1,N6,1,0.0,
R46-M0-N8-I:J18-U11,R46,M0,N8,1,1.0,KERNMNTF
R12-M0-NC,R12,M0,NC,1,0.0,
R27-M1-NF-C:J17-U01,R27,M1,NF,1,0.0,
R36-M0-N7-C:J09-U11,R36,M0,N7,1,0.0,
R26-M0-N9-C:J11-U01,R26,M0,N9,1,0.0,
R36-M0-NE-C:J13-U01,R36,M0,NE,1,0.0,
R64-M1-NC-I:J18-U01,R64,M1,NC,1,0.0,
R70-M0-N7-C:J15-U01,R70,M0,N7,1,0.0,
R34-M1-NB-C:J17-U11,R34,M1,NB,1,0.0,
R61-M1-N8-I:J18-U01,R61,M1,N8,1,0.0,
R64-M0-N8-I:J18-U11,R64,M0,N8,1,0.0,
R74-M1-N8-I:J18-U11,R74,M1,N8,1,1.0,APPSEV
R76-M1-N0-I:J18-U01,R76,M1,N0,1,0.0,
R32-M0-NC-I:J18-U01,R32,M0,NC,1,1.0,APPSEV
R77-M1-NC-I:J18-U01,R77,M1,NC,1,0.0,
R45-M0-N4-I:J18-U01,R45,M0,N4,1,0.0,
R37-M1-NC-C:J02-U11,R37,M1,NC,8,0.0,
